modelname,type,insurance,performance,registration,km,year,price
포터,디젤,1,1,0,100000,2010,6900000
포터,디젤,1,1,0,100000,2013,10900000
포터,디젤,1,1,0,100000,2009,4900000
투싼,디젤,1,1,0,100000,2012,7800000
투싼,디젤,1,1,0,100000,2012,7800000
투싼,디젤,1,1,0,100000,2012,10300000
투싼,디젤,1,1,0,100000,2009,6990000
제네시스 쿠페,가솔린,0,1,0,100000,2009,9700000
제네시스 쿠페,가솔린,1,1,0,100000,2011,5690000
제네시스 쿠페,가솔린,1,1,0,100000,2011,5690000
제네시스 쿠페,가솔린,1,1,0,100000,2009,5450000
제네시스,가솔린,1,1,0,100000,2014,21200000
제네시스,가솔린,0,0,0,100000,2015,28300000
제네시스,가솔린,0,0,0,100000,2014,24500000
투싼,디젤,1,0,0,100000,2015,13700000
투싼,디젤,1,1,0,100000,2016,14590000
투싼,디젤,1,1,0,100000,2016,15600000
아이오닉,가솔린+전기,1,1,0,100000,2016,13700000
아반떼,LPG,1,1,0,100000,2011,5700000
아반떼,가솔린,1,1,0,100000,2011,3100000
아반떼,가솔린,1,0,0,100000,2012,6800000
아반떼,가솔린,0,1,1,100000,2010,7600000
아반떼,가솔린,1,1,0,100000,2012,3800000
아반떼,가솔린,1,1,0,100000,2013,7200000
아반떼,가솔린,1,1,0,100000,2016,10300000
아반떼,디젤,1,1,0,100000,2016,8900000
아반떼,디젤,1,1,0,100000,2015,8700000
아반떼,가솔린,1,1,0,100000,2016,7700000
아반떼,LPG,1,1,0,100000,2016,9500000
아반떼,가솔린,1,1,0,100000,2017,8990000
아반떼,디젤,1,1,0,100000,2015,10400000
아반떼,디젤,1,1,0,100000,2016,8800000
아반떼,가솔린,1,1,0,100000,2017,11100000
쏘나타,LPG,0,1,0,100000,2012,7300000
쏘나타,가솔린,1,1,0,100000,2017,13500000
싼타페,디젤,0,1,0,100000,2013,18990000
싼타페,디젤,1,1,0,100000,2012,12600000
싼타페,디젤,1,1,0,100000,2014,15600000
벨로스터,가솔린,0,0,0,100000,2011,4500000
벨로스터,가솔린,1,1,0,100000,2012,6300000
벨로스터,가솔린,1,0,0,100000,2013,6500000
벨로스터,가솔린,1,1,0,100000,2018,8990000
아반떼,가솔린,1,1,0,100000,2013,7500000
맥스크루즈,디젤,1,0,0,100000,2015,19700000
투싼,디젤,1,1,0,100000,2013,10990000
투싼,디젤,1,1,0,100000,2014,10500000
투스카니,가솔린,0,1,0,100000,2006,8900000
에쿠스,가솔린,1,1,0,100000,2011,8000000
i30,디젤,1,0,0,100000,2013,3800000
그랜저,가솔린,1,0,0,100000,2017,22900000
그랜저,가솔린,1,0,0,100000,2008,2500000
그랜저,가솔린,1,1,0,100000,2018,20390000
그랜저,LPG,0,0,0,100000,2017,23900000
그랜저,LPG,1,1,0,100000,2017,20490000
그랜저,가솔린+전기,0,1,0,100000,2014,14900000
그랜저,가솔린,1,1,0,100000,2012,10000000
그랜저,가솔린,1,1,0,100000,2012,10000000
그랜저,LPG,1,1,0,100000,2011,11000000
그랜저,LPG,0,1,0,100000,2011,9300000
그랜저,가솔린,1,1,0,100000,2012,7990000
그랜저,가솔린,1,1,0,100000,2014,9200000
그랜저,가솔린,0,0,0,100000,2013,11500000
그랜저,가솔린,1,1,0,100000,2008,3700000
스타렉스,디젤,1,0,0,100000,2009,16900000
스타렉스,디젤,1,1,0,100000,2011,6900000
쏘나타,가솔린,1,1,0,100000,2010,2800000
쏘나타,LPG,1,1,0,100000,2010,3500000
쏘나타,가솔린,1,1,0,100000,2010,2690000
쏘나타,가솔린,1,1,0,100000,2014,12000000
쏘나타,디젤,1,1,0,100000,2016,9990000
i40,디젤,1,1,0,100000,2014,8700000
i40,가솔린,1,1,0,100000,2011,10000000
제네시스,가솔린,1,1,0,100000,2019,66000000
제네시스,가솔린,1,0,0,100000,2017,24990000
제네시스,가솔린,1,1,0,100000,2017,34500000
제네시스,가솔린,0,0,0,100000,2016,42900000
티볼리,가솔린,1,1,0,100000,2018,11900000
티볼리,디젤,1,1,0,100000,2015,7990000
코란도,디젤,1,1,0,100000,2012,8500000
코란도,디젤,1,1,0,100000,2012,8800000
체어맨,가솔린,1,1,0,100000,2008,6200000
렉스턴,디젤,1,1,0,100000,2012,7990000
크루즈,가솔린,1,0,0,100000,2011,2350000
올란도,디젤,1,0,0,100000,2012,4200000
말리부,가솔린,1,1,0,100000,2016,13700000
크루즈,가솔린,0,0,0,100000,2015,5600000
스파크,가솔린,1,1,0,100000,2013,3800000
말리부,가솔린,1,1,0,100000,2013,5900000
스파크,가솔린,1,1,0,100000,2018,6900000
sm5,가솔린,1,0,0,100000,2013,3500000
sm5,가솔린,1,1,0,100000,2011,3900000
sm3,가솔린,0,0,0,100000,2011,4300000
sm6,가솔린,1,1,0,100000,2016,9800000
sm6,가솔린,1,1,0,100000,2016,10600000
sm5,LPG,1,1,0,100000,2016,5800000
qm3,디젤,0,1,0,100000,2014,8500000
포르테,가솔린,1,1,0,100000,2010,4300000
프라이드,가솔린,1,1,0,100000,2014,5300000
프라이드,가솔린,0,1,0,100000,2012,6770000
카렌스,LPG,0,0,0,100000,2014,10000000
카니발,디젤,0,0,1,100000,2016,29990000
카니발,디젤,1,0,0,100000,2015,12700000
카니발,디젤,1,1,0,100000,2014,16500000
카니발,디젤,0,1,0,100000,2018,18500000
쏘렌토,디젤,0,0,0,100000,2016,18700000
쏘렌토,디젤,1,1,0,100000,2015,16800000
쏘렌토,디젤,1,1,0,100000,2016,15990000
쏘렌토,디젤,1,1,1,100000,2014,17500000
모닝,가솔린/LPG겸용,1,1,0,100000,2012,5200000
k7,가솔린+전기,1,1,1,100000,2017,24690000
k7,가솔린+전기,1,1,1,100000,2017,24690000
k7,LPG,1,1,0,100000,2016,15300000
k7,가솔린,0,1,0,100000,2017,23500000
k7,LPG,1,1,1,100000,2017,17690000
오피러스,가솔린,1,1,0,100000,2010,2990000
스포티지,디젤,1,1,0,100000,2011,7400000
스포티지,디젤,1,1,0,100000,2017,16000000
스포티지,디젤,0,1,0,100000,2016,14500000
스포티지,디젤,1,1,0,100000,2018,14000000
스포티지,디젤,1,1,0,100000,2018,11700000
스포티지,디젤,1,1,0,100000,2016,14300000
스토닉,디젤,1,1,0,100000,2017,10490000
봉고차,디젤,0,0,1,100000,2018,13800000
봉고차,디젤,0,0,0,100000,2009,6600000
봉고차,디젤,1,1,0,100000,2005,3800000
레이,가솔린,1,1,0,100000,2012,6990000
레이,가솔린,1,0,0,100000,2017,6990000
레이,가솔린,1,1,0,100000,2014,7900000
레이,가솔린,1,1,0,100000,2012,7500000
레이,가솔린,1,1,0,100000,2012,5500000
레이,가솔린,1,1,0,100000,2012,4500000
k7,LPG,1,1,0,100000,2012,11700000
쏘렌토,디젤,1,1,0,100000,2017,18500000
스포티지,디젤,1,1,0,100000,2014,9300000
레이,가솔린,1,1,0,100000,2018,7900000
k9,디젤,0,0,0,100000,2015,30900000
k7,가솔린,1,1,0,100000,2013,8990000
k7,가솔린,1,1,0,100000,2014,7100000
k5,디젤,1,1,0,100000,2018,13300000
k5,가솔린,1,1,0,100000,2013,8990000
k5,가솔린,1,1,0,100000,2015,8990000
k5,LPG,1,1,1,100000,2018,15990000
k5,LPG,1,1,1,100000,2018,15990000
k3,가솔린,1,1,0,100000,2016,8990000
카렌스,LPG,1,1,0,100000,2008,2700000
쏘렌토,디젤,1,1,0,100000,2012,11900000
k7,LPG,1,1,0,100000,2010,6500000
k5,LPG,1,1,0,100000,2017,11500000
k5,가솔린,1,1,0,100000,2016,10500000
k5,가솔린,1,0,0,100000,2012,8000000
k5,가솔린,1,1,0,100000,2012,6390000
k5,가솔린,1,1,0,100000,2010,8200000
k5,LPG,1,1,0,100000,2012,4100000
k5,LPG,1,1,0,100000,2010,3900000
k3,가솔린,0,0,0,100000,2015,10390000
k3,가솔린,1,1,0,100000,2014,7700000
k3,가솔린,1,1,0,100000,2013,6990000
k3,가솔린,1,1,0,100000,2012,4800000
마티즈,가솔린,0,0,0,100000,2010,3000000
마티즈,가솔린,1,1,0,100000,2010,2900000
캠핑카,디젤,0,1,0,100000,2014,46800000
라세티,가솔린,1,0,0,100000,2010,1700000
라세티,가솔린,1,1,0,100000,2009,1800000
라세티,가솔린,0,0,0,100000,2009,2000000
투싼,디젤,1,0,0,110,2016,13500000
포터,디젤,1,1,0,110000,2010,8900000
포터,디젤,1,1,0,110000,2007,4500000
포터,디젤,1,1,0,110000,2007,4500000
포터,디젤,1,1,0,110000,2005,4900000
코나,전기,1,0,0,110000,2018,26000000
제네시스 쿠페,가솔린,0,0,0,110000,2009,11900000
제네시스 쿠페,가솔린,0,0,0,110000,2008,7700000
제네시스 쿠페,가솔린,0,0,0,110000,2008,7400000
제네시스 쿠페,가솔린,1,1,0,110000,2009,4890000
제네시스,가솔린,1,1,0,110000,2011,10900000
엑센트,가솔린,0,0,0,110000,2011,4490000
에쿠스,가솔린,1,0,0,110000,2005,7300000
아이오닉,가솔린+전기,1,1,0,110000,2018,12490000
아슬란,가솔린,1,1,0,110000,2014,13900000
아반떼,가솔린,1,1,0,110000,2011,3590000
아반떼,가솔린,1,1,0,110000,2012,7000000
아반떼,가솔린,1,1,0,110000,2010,6300000
아반떼,가솔린,1,0,0,110000,2013,7300000
아반떼,가솔린,1,0,0,110000,2008,2300000
아반떼,가솔린,1,1,0,110000,2018,8990000
아반떼,디젤,1,1,0,110000,2016,9500000
아반떼,가솔린,1,1,0,110000,2016,11900000
쏘나타,가솔린+전기,0,1,0,110000,2011,8990000
쏘나타,가솔린+전기,1,1,0,110000,2011,6990000
싼타페,디젤,1,1,0,110000,2013,13900000
싼타페,디젤,1,0,0,110000,2012,10600000
싼타페,디젤,1,1,0,110000,2008,5600000
싼타페,디젤,1,1,0,110000,2017,15900000
벨로스터,가솔린,1,1,0,110000,2011,5390000
베라크루즈,디젤,1,0,0,110000,2014,12500000
맥스크루즈,디젤,1,1,0,110000,2013,16400000
제네시스 쿠페,가솔린,0,0,0,110000,2013,19500000
제네시스 쿠페,가솔린,0,1,0,110000,2012,16800000
아반떼,LPG,1,1,1,110000,2014,7300000
아반떼,가솔린,1,1,0,110000,2014,7700000
벨로스터,가솔린,1,1,0,110000,2015,10500000
맥스크루즈,디젤,0,1,1,110000,2016,18500000
스타렉스,디젤,1,1,0,110000,2018,17800000
스타렉스,디젤,1,1,0,110000,2018,14500000
에쿠스,가솔린,1,1,0,110000,2011,10990000
에쿠스,가솔린,1,1,0,110000,2009,12900000
i30,디젤,1,1,0,110000,2012,5400000
i30,디젤,1,0,0,110000,2013,3900000
그랜저,가솔린,1,1,0,110000,2015,9990000
그랜저,가솔린,1,0,0,110000,2013,4600000
그랜저,가솔린,1,1,0,110000,2017,17000000
그랜저,가솔린,1,1,0,110000,2017,18500000
그랜저,가솔린,1,1,0,110000,2013,9900000
그랜저,가솔린,0,0,1,110000,2013,12000000
그랜저,가솔린,0,0,0,110000,2013,15500000
그랜저,가솔린,1,1,0,110000,2012,10900000
그랜저,가솔린,1,1,0,110000,2011,8990000
그랜저,가솔린,1,1,0,110000,2015,11300000
그랜저,가솔린,1,1,0,110000,2017,12990000
그랜저,가솔린,1,1,0,110000,2014,9400000
그랜저,가솔린,1,1,0,110000,2012,6990000
스타렉스,디젤,0,1,0,110000,2013,18800000
스타렉스,디젤,0,1,0,110000,2011,3700000
스타렉스,디젤,1,1,0,110000,2017,14500000
스타렉스,디젤,1,0,0,110000,2015,14000000
쏘나타,가솔린,1,0,0,110000,2009,2500000
쏘나타,LPG,1,1,0,110000,2008,1500000
쏘나타,LPG,1,1,0,110000,2008,3300000
쏘나타,LPG,1,0,0,110000,2006,2500000
쏘나타,가솔린,0,0,0,110000,2015,17500000
쏘나타,디젤,0,1,0,110000,2016,14700000
쏘나타,디젤,1,1,0,110000,2015,10990000
캠핑카,디젤,0,0,0,110000,2009,47000000
제네시스,가솔린,1,0,0,110000,2019,57990000
제네시스,가솔린,0,0,0,110000,2017,25300000
제네시스,가솔린,1,1,0,110000,2016,24800000
제네시스,가솔린,1,1,0,110000,2018,41990000
티볼리,디젤,1,1,0,110000,2016,11900000
체어맨,가솔린,1,1,0,110000,2010,6290000
액티언,디젤,1,1,0,110000,2008,3800000
무쏘,디젤,0,0,0,110000,2004,15000000
코란도,디젤,1,0,0,110000,2002,2200000
크루즈,가솔린,0,1,1,110000,2013,5590000
크루즈,디젤,1,0,0,110000,2013,6990000
스파크,가솔린,1,1,0,110000,2012,2000000
스파크,가솔린,1,0,0,110000,2015,5700000
sm5,디젤,1,1,0,110000,2014,6900000
sm3,가솔린,0,0,0,110000,2013,6800000
sm3,가솔린,1,0,0,110000,2013,7000000
sm3,가솔린,1,1,0,110000,2012,2490000
qm3,디젤,1,1,0,110000,2017,11200000
sm6,가솔린,1,0,0,110000,2017,10000000
sm6,LPG,1,1,0,110000,2016,9990000
sm5,가솔린,0,1,0,110000,2009,4300000
sm5,가솔린,1,1,0,110000,2018,7990000
sm5,디젤,1,1,0,110000,2015,7800000
sm3,디젤,1,1,0,110000,2018,7700000
qm6,디젤,1,1,0,110000,2017,18700000
qm3,디젤,1,1,0,110000,2016,7300000
프라이드,가솔린,0,0,1,110000,1993,15000000
포르테,가솔린,1,1,0,110000,2012,2700000
포르테,가솔린,0,1,0,110000,2010,3770000
카니발,디젤,0,1,1,110000,2015,29690000
카니발,디젤,1,1,0,110000,2016,26700000
카니발,디젤,1,1,0,110000,2017,20800000
쏘렌토,디젤,1,1,0,110000,2015,15990000
모닝,가솔린,1,1,0,110000,2013,4990000
모닝,가솔린,1,1,0,110000,2012,4900000
모닝,가솔린,0,1,0,110000,2011,3980000
k7,가솔린+전기,1,1,0,110000,2018,19500000
k7,가솔린+전기,1,1,0,110000,2018,19500000
k7,LPG,1,1,1,110000,2017,16990000
오피러스,가솔린,1,1,0,110000,2006,1700000
스포티지,디젤,0,1,0,110000,2010,5800000
스포티지,가솔린,1,1,0,110000,2011,8590000
스포티지,가솔린,0,0,0,110000,2011,11900000
스포티지,디젤,0,0,0,110000,2016,17500000
스포티지,디젤,1,1,0,110000,2017,13000000
봉고차,디젤,1,1,0,110000,2011,7500000
봉고차,디젤,1,1,0,110000,2010,5300000
봉고차,디젤,1,1,0,110000,2015,12800000
봉고차,디젤,1,1,0,110000,2009,5900000
모하비,디젤,1,1,0,110000,2019,29990000
모하비,디젤,1,1,0,110000,2013,18900000
레이,가솔린,1,1,0,110000,2016,4300000
레이,가솔린,1,1,0,110000,2017,3990000
k7,가솔린,1,1,0,110000,2011,5700000
카니발,디젤,0,1,1,110000,2018,36000000
쏘렌토,디젤,1,1,0,110000,2017,17590000
쏘렌토,디젤,0,1,0,110000,2018,22300000
스포티지,디젤,1,1,0,110000,2014,10600000
스포티지,디젤,1,1,0,110000,2015,8900000
모하비,디젤,1,1,0,110000,2016,23990000
k7,LPG,1,1,0,110000,2014,13500000
k7,가솔린,1,1,0,110000,2014,9990000
k7,가솔린,1,1,0,110000,2013,8900000
k7,가솔린,1,0,0,110000,2013,12800000
k5,LPG,1,1,0,110000,2019,9700000
k5,디젤,1,1,0,110000,2019,12990000
k5,LPG,1,1,1,110000,2019,14690000
k5,LPG,1,1,1,110000,2019,14690000
k5,가솔린,1,1,0,110000,2014,8990000
k5,가솔린,1,1,0,110000,2014,7700000
k5,가솔린,1,1,0,110000,2013,9500000
k3,가솔린,1,1,0,110000,2017,7400000
k9,가솔린,1,1,0,110000,2019,34990000
k9,가솔린,1,1,0,110000,2018,35900000
k9,가솔린,1,1,0,110000,2019,37990000
프라이드,가솔린,1,1,0,110000,2007,1900000
카니발,디젤,0,1,0,110000,2009,5500000
k7,가솔린,0,0,0,110000,2010,5000000
k7,가솔린,1,1,0,110000,2010,6200000
k7,가솔린,1,1,0,110000,2011,4500000
k5,LPG,1,1,0,110000,2015,9500000
k5,LPG,0,1,0,110000,2012,8400000
k3,가솔린,0,1,0,110000,2014,8900000
k3,가솔린,0,1,1,110000,2015,7500000
k3,가솔린,1,1,0,110000,2013,6800000
윈스톰,디젤,1,0,0,110000,2010,4600000
마티즈,가솔린,1,1,0,110000,2009,2950000
라세티,가솔린,1,1,0,110000,2010,2900000
라세티,가솔린,1,1,0,110000,2010,3300000
라세티,가솔린,1,1,0,110000,2010,3750000
라세티,가솔린,1,1,0,110000,2010,2900000
라세티,가솔린,1,1,0,110000,2009,2900000
다마스,LPG,1,1,0,110000,2013,2900000
포터,디젤,0,1,0,120000,2008,8990000
포터,디젤,1,1,0,120000,2008,3900000
포터,디젤,1,0,0,120000,2011,6500000
포터,디젤,0,1,1,120000,2011,7290000
포터,디젤,1,1,0,120000,2014,8900000
투싼,디젤,1,1,0,120000,2012,7400000
제네시스 쿠페,가솔린,0,0,0,120000,2020,6900000
제네시스 쿠페,가솔린,1,1,0,120000,2008,3890000
제네시스 쿠페,가솔린,0,0,0,120000,2009,7900000
제네시스,가솔린,1,1,0,120000,2016,14200000
제네시스,가솔린,1,1,1,120000,2016,19000000
제네시스,가솔린,1,0,0,120000,2015,15500000
제네시스,가솔린,1,1,0,120000,2015,18500000
투싼,디젤,1,1,0,120000,2017,13600000
엑센트,가솔린,1,1,1,120000,2013,3990000
아반떼,가솔린,0,0,0,120000,2011,3300000
아반떼,가솔린,0,0,0,120000,2012,6600000
아반떼,가솔린,1,1,0,120000,2012,4400000
아반떼,LPG,1,1,0,120000,2015,9990000
아반떼,디젤,1,1,0,120000,2016,8400000
싼타페,디젤,1,1,0,120000,2013,11900000
싼타페,디젤,1,0,0,120000,2009,2800000
싼타페,디젤,1,1,0,120000,2015,14490000
벨로스터,가솔린,1,1,0,120000,2011,6900000
베라크루즈,디젤,1,0,0,120000,2010,7500000
베라크루즈,가솔린,1,1,0,120000,2013,17990000
베라크루즈,디젤,1,0,0,120000,2013,14000000
맥스크루즈,디젤,1,1,0,120000,2013,16200000
그랜저,LPG,1,1,0,120000,2010,5500000
아반떼,가솔린,1,1,1,120000,2014,9800000
스타렉스,디젤,1,1,0,120000,2018,15500000
투싼,디젤,1,1,0,120000,2013,11900000
제네시스,가솔린,1,1,0,120000,2015,18500000
에쿠스,가솔린,1,1,0,120000,2010,9900000
i30,가솔린,1,1,0,120000,2013,7900000
그랜저,가솔린,1,1,0,120000,2007,1890000
그랜저,LPG,1,0,0,120000,2015,15800000
그랜저,디젤,1,1,0,120000,2015,9500000
그랜저,가솔린,1,1,0,120000,2007,2800000
그랜저,가솔린+전기,1,1,0,120000,2014,9900000
그랜저,가솔린,1,1,0,120000,2013,7990000
그랜저,가솔린,1,0,0,120000,2014,12500000
그랜저,가솔린,1,1,0,120000,2009,3500000
스타렉스,디젤,1,1,1,120000,2010,19900000
스타렉스,디젤,0,0,0,120000,2010,4200000
스타렉스,디젤,0,1,0,120000,2011,6900000
스타렉스,디젤,1,1,0,120000,2011,6900000
스타렉스,디젤,1,0,0,120000,2009,4700000
쏘나타,LPG,0,1,0,120000,2009,5970000
쏘나타,가솔린,1,1,0,120000,2011,5300000
쏘나타,가솔린,1,1,0,120000,2009,4000000
쏘나타,가솔린,1,1,0,120000,2010,5000000
쏘나타,가솔린,1,1,0,120000,2009,5100000
쏘나타,LPG,1,1,0,120000,2011,2900000
쏘나타,LPG,1,1,0,120000,2011,3700000
쏘나타,LPG,1,1,0,120000,2009,3100000
쏘나타,가솔린,1,1,0,120000,2014,10700000
쏘나타,LPG,1,0,0,120000,2015,10800000
쏘나타,가솔린,1,1,0,120000,2015,9900000
i30,가솔린,1,1,0,120000,2009,3500000
캠핑카,디젤,0,1,0,120000,2010,48800000
제네시스,가솔린,1,1,1,120000,2018,28990000
제네시스,가솔린,1,1,1,120000,2018,28990000
제네시스,가솔린,1,1,0,120000,2018,32800000
제네시스,가솔린,1,1,0,120000,2017,28900000
제네시스,가솔린,1,1,0,120000,2016,32100000
제네시스,가솔린,1,1,0,120000,2016,27900000
제네시스,가솔린,0,0,0,120000,2016,26500000
카니발 리무진,디젤,0,1,1,120000,2015,24900000
코란도,디젤,1,1,0,120000,2014,9500000
코란도,디젤,1,1,0,120000,2014,7990000
코란도,디젤,1,1,0,120000,2016,11700000
코란도,디젤,1,1,0,120000,2012,7900000
체어맨,가솔린,1,1,0,120000,2008,3590000
렉스턴,디젤,1,0,0,120000,2014,7200000
체어맨,가솔린,1,0,0,120000,2004,2500000
크루즈,가솔린,0,1,0,120000,2011,5300000
크루즈,가솔린,1,1,0,120000,2011,4000000
크루즈,가솔린,0,0,0,120000,2013,2500000
캡티바,디젤,1,0,0,120000,2016,7300000
스파크,LPG,0,1,0,120000,2012,2700000
스파크,LPG,1,1,0,120000,2011,2290000
말리부,디젤,1,1,0,120000,2014,5300000
말리부,가솔린,1,1,0,120000,2014,4500000
스파크,가솔린,1,1,0,120000,2015,5300000
sm3,가솔린,1,1,0,120000,2009,2400000
sm5,디젤,1,1,0,120000,2015,6700000
sm5,가솔린,0,1,0,120000,2015,8900000
sm3,가솔린,0,1,0,120000,2007,3500000
qm6,디젤,1,1,1,120000,2017,16990000
프라이드,가솔린,1,1,0,120000,1995,3500000
프라이드,가솔린,1,0,0,120000,1995,5000000
포르테,가솔린,1,1,0,120000,2010,5200000
포르테,가솔린,1,1,0,120000,2008,3300000
카니발,디젤,0,1,1,120000,2016,15800000
쏘렌토,디젤,1,1,0,120000,2016,17500000
쏘렌토,디젤,1,0,0,120000,2016,17000000
쏘렌토,디젤,1,1,0,120000,2015,16990000
모닝,가솔린,1,1,0,120000,2014,4100000
모닝,가솔린,1,1,0,120000,2012,2800000
k7,가솔린,1,1,0,120000,2016,18600000
k7,디젤,1,1,0,120000,2016,13990000
k7,LPG,1,1,1,120000,2018,16990000
쏘렌토,디젤,1,0,0,120000,2010,6800000
스포티지,디젤,1,0,0,120000,2012,4800000
스포티지,디젤,1,1,0,120000,2018,14200000
스팅어,가솔린,1,1,0,120000,2017,19890000
봉고차,디젤,1,1,0,120000,2015,8990000
봉고차,디젤,1,1,0,120000,2017,10600000
봉고차,디젤,1,0,0,120000,2011,3800000
모하비,디젤,1,1,0,120000,2015,19900000
레이,가솔린,1,1,0,120000,2012,4900000
레이,가솔린,1,1,0,120000,2012,7990000
레이,가솔린,1,1,0,120000,2012,6390000
레이,가솔린,1,1,0,120000,2012,6600000
k7,LPG,1,1,0,120000,2011,11300000
카니발,디젤,1,1,1,120000,2018,25800000
쏘렌토,디젤,1,1,0,120000,2018,18600000
모하비,디젤,1,1,0,120000,2018,24500000
k7,가솔린,1,1,0,120000,2013,9900000
k5,LPG,1,1,0,120000,2013,8190000
k5,LPG,1,1,0,120000,2018,9900000
k5,LPG,1,1,1,120000,2013,6500000
k5,LPG,1,1,1,120000,2019,13990000
k5,LPG,1,1,1,120000,2019,13990000
오피러스,가솔린,0,1,0,120000,2008,4990000
오피러스,가솔린,1,1,0,120000,2008,2090000
카니발,디젤,1,0,0,120000,2011,4700000
카니발,디젤,1,1,0,120000,2014,7900000
k7,가솔린,1,1,0,120000,2010,4800000
k5,LPG,1,1,0,120000,2020,16500000
k5,가솔린,1,1,0,120000,2015,11000000
k5,LPG,1,1,0,120000,2016,10800000
k5,가솔린,1,1,0,120000,2010,5700000
k5,LPG,1,1,0,120000,2012,4000000
k5,가솔린,1,1,0,120000,2011,4000000
k5,가솔린,1,1,0,120000,2010,5200000
k3,디젤,1,1,0,120000,2014,5500000
k3,가솔린,1,0,0,120000,2013,10000000
윈스톰,디젤,1,1,0,120000,2006,1890000
알페온,가솔린,1,1,0,120000,2011,4500000
캠핑카,디젤,1,1,0,120000,2017,77770000
라세티,가솔린,1,0,0,120000,2009,1800000
라세티,가솔린,1,1,0,120000,2010,2790000
라세티,가솔린,1,1,0,120000,2010,2900000
포터,디젤,1,0,0,130000,2008,3800000
포터,디젤,1,1,0,130000,2011,6700000
포터,디젤,1,1,0,130000,2011,6600000
투싼,디젤,1,0,0,130000,2009,4800000
제네시스 쿠페,가솔린,0,0,0,130000,2011,9900000
제네시스 쿠페,가솔린,0,0,0,130000,2008,4900000
제네시스 쿠페,가솔린,1,1,0,130000,2009,3900000
제네시스,가솔린,1,1,0,130000,2010,3800000
투싼,디젤,1,1,0,130000,2015,13990000
투싼,디젤,1,1,0,130000,2015,13200000
아반떼,가솔린,0,0,0,130000,2010,5490000
아반떼,가솔린,1,1,0,130000,2011,5990000
아반떼,가솔린,1,1,0,130000,2012,5500000
아반떼,가솔린,1,1,0,130000,2010,5990000
아반떼,가솔린,1,0,0,130000,2009,3300000
아반떼,디젤,1,1,0,130000,2015,7300000
아반떼,LPG+전기,1,1,0,130000,2012,3990000
쏘나타,가솔린+전기,1,1,0,130000,2013,8300000
쏘나타,LPG,1,1,0,130000,2013,4900000
쏘나타,LPG,0,0,0,130000,2018,13500000
쏘나타,LPG,1,1,1,130000,2018,12990000
쏘나타,LPG,1,1,1,130000,2018,12990000
싼타페,디젤,1,1,0,130000,2013,9900000
싼타페,디젤,1,1,0,130000,2012,12500000
싼타페,디젤,1,0,0,130000,2009,2400000
싼타페,디젤,1,1,0,130000,2004,1900000
제네시스 쿠페,가솔린,0,0,0,130000,2012,9000000
제네시스 쿠페,가솔린,0,1,0,130000,2012,14800000
아반떼,가솔린,1,1,0,130000,2014,5500000
벨로스터,가솔린,1,1,0,130000,2015,10200000
스타렉스,디젤,1,0,0,130000,2019,17600000
i40,디젤,1,0,0,130000,2015,10900000
투싼,디젤,1,1,0,130000,2014,10990000
제네시스,가솔린,1,0,0,130000,2015,16400000
에쿠스,가솔린,1,1,0,130000,2014,13990000
그랜저,가솔린+전기,1,1,0,130000,2014,8990000
그랜저,LPG,1,1,0,130000,2015,7800000
그랜저,가솔린,1,1,0,130000,2007,3000000
그랜저,LPG,1,1,0,130000,2017,15900000
그랜저,LPG,1,1,0,130000,2012,9500000
그랜저,가솔린,1,1,0,130000,2013,11000000
그랜저,가솔린,1,1,0,130000,2012,6500000
스타렉스,디젤,0,1,0,130000,2015,22800000
스타렉스,디젤,0,1,0,130000,2007,6900000
스타렉스,디젤,1,0,0,130000,2009,5100000
스타렉스,디젤,1,1,0,130000,2016,15700000
스타렉스,디젤,1,1,0,130000,2014,12500000
스타렉스,디젤,1,0,0,130000,2011,5800000
쏘나타,가솔린,1,1,0,130000,2011,5100000
쏘나타,LPG,0,1,0,130000,2017,11900000
쏘나타,LPG,1,1,0,130000,2014,6800000
카니발,가솔린,0,1,0,130000,2016,39900000
제네시스,가솔린,1,1,0,130000,2016,31900000
제네시스,가솔린,1,1,0,130000,2016,19690000
제네시스,가솔린,1,1,1,130000,2016,25990000
제네시스,가솔린,1,1,1,130000,2016,25990000
제네시스,디젤,1,1,0,130000,2018,24200000
제네시스,가솔린,1,1,0,130000,2016,22600000
제네시스,가솔린,1,1,0,130000,2017,39900000
제네시스,가솔린,1,1,0,130000,2016,31000000
제네시스,가솔린,1,1,1,130000,2016,36980000
코란도,디젤,1,1,0,130000,2013,8200000
코란도,디젤,1,1,0,130000,2014,16600000
코란도,디젤,0,0,0,130000,2016,12800000
코란도,디젤,1,1,0,130000,2012,5900000
코란도,디젤,1,1,0,130000,2012,3900000
코란도,디젤,1,1,0,130000,2011,4390000
체어맨,가솔린,1,1,1,130000,2010,2700000
액티언,디젤,1,1,0,130000,2008,2390000
렉스턴,디젤,1,0,0,130000,2010,3300000
렉스턴,디젤,1,0,0,130000,2011,5800000
렉스턴,가솔린,0,0,0,130000,2002,6500000
코란도,디젤,1,1,0,130000,2013,7200000
체어맨,가솔린,1,1,0,130000,2012,8890000
크루즈,디젤,1,1,0,130000,2011,3490000
크루즈,디젤,1,1,0,130000,2011,2800000
크루즈,가솔린,1,1,0,130000,2011,2590000
크루즈,가솔린,1,1,0,130000,2012,3500000
크루즈,가솔린,1,1,0,130000,2012,4500000
캡티바,디젤,1,1,0,130000,2013,6400000
올란도,디젤,1,1,0,130000,2011,3600000
올란도,디젤,1,1,0,130000,2011,6500000
올란도,디젤,0,1,0,130000,2018,9500000
스파크,가솔린,1,1,0,130000,2011,3200000
말리부,디젤,0,1,1,130000,2014,6000000
말리부,가솔린,1,1,0,130000,2012,5900000
말리부,가솔린,1,1,0,130000,2012,5400000
sm7,가솔린,1,1,0,130000,2011,3400000
sm5,가솔린,1,1,0,130000,2013,6300000
sm5,가솔린,1,1,0,130000,2010,2200000
sm3,가솔린,1,1,0,130000,2010,2300000
sm3,가솔린,1,1,0,130000,2010,2500000
sm7,가솔린,0,1,0,130000,2008,3590000
sm7,가솔린,1,1,0,130000,2006,2200000
sm6,가솔린,1,0,0,130000,2017,12500000
sm5,가솔린,1,1,0,130000,2010,3200000
sm5,가솔린,1,1,0,130000,2007,2500000
sm5,가솔린,1,1,0,130000,2015,6900000
qm3,디젤,1,1,0,130000,2014,4200000
qm3,가솔린,1,1,0,130000,2014,6200000
포르테,가솔린,1,1,0,130000,2011,3990000
카렌스,LPG,1,1,0,130000,2014,9300000
카니발,디젤,1,1,0,130000,2016,23900000
모닝,가솔린,1,1,0,130000,2011,3500000
k7,LPG,1,1,0,130000,2018,16990000
k7,LPG,1,1,0,130000,2018,16990000
k7,LPG,1,1,1,130000,2017,16990000
쏘렌토,디젤,1,1,0,130000,2009,6500000
스포티지,디젤,1,1,0,130000,2011,7900000
스포티지,디젤,1,1,0,130000,2015,11990000
봉고차,디젤,1,1,0,130000,2018,17990000
봉고차,LPG,1,0,0,130000,2013,6800000
봉고차,디젤,1,1,0,130000,2014,7500000
봉고차,디젤,1,1,0,130000,2008,4200000
모하비,디젤,1,0,0,130000,2009,7400000
레이,가솔린,1,1,0,130000,2013,6200000
레이,가솔린,1,1,0,130000,2016,6900000
레이,가솔린,1,1,0,130000,2013,5200000
레이,가솔린/LPG겸용,1,1,0,130000,2012,5300000
쏘렌토,디젤,1,1,0,130000,2017,17500000
스포티지,디젤,0,0,0,130000,2014,9900000
스포티지,디젤,0,1,1,130000,2013,9900000
모하비,디젤,1,1,0,130000,2016,25490000
k7,가솔린,1,1,0,130000,2015,9500000
k7,가솔린,1,1,0,130000,2012,9500000
k7,가솔린,1,1,0,130000,2013,9600000
k5,LPG,1,1,0,130000,2013,9500000
k3,디젤,1,1,0,130000,2016,8990000
모닝,가솔린,1,0,0,130000,2010,2500000
카렌스,LPG,0,0,0,130000,2008,2900000
쏘렌토,디젤,1,1,0,130000,2012,10990000
카니발,디젤,1,1,0,130000,2009,4850000
k5,가솔린+전기,1,1,0,130000,2012,5590000
k5,가솔린,0,0,0,130000,2011,7600000
k5,가솔린,1,1,0,130000,2010,5900000
젠트라,가솔린,0,1,0,130000,2008,3990000
윈스톰,디젤,1,1,0,130000,2006,3990000
윈스톰,디젤,1,1,0,130000,2010,2600000
알페온,가솔린,1,1,0,130000,2011,5100000
베리타스,가솔린,1,1,0,130000,2009,3900000
마티즈,가솔린,0,1,0,130000,2009,2990000
라세티,가솔린,0,0,0,130000,2011,2000000
다마스,LPG,1,1,0,130000,2015,2490000
오피러스,가솔린,1,0,0,210000,2007,4000000
제네시스 쿠페,가솔린,1,0,0,1400000,2010,9200000
포터,디젤,0,0,0,140000,2012,8700000
포터,디젤,1,0,0,140000,2012,4500000
포터,디젤,1,1,0,140000,2011,5600000
포터,디젤,1,0,0,140000,2013,5900000
포터,디젤,1,0,0,140000,2015,7300000
포터,디젤,1,0,0,140000,2009,4800000
포터,디젤,1,0,0,140000,2012,5700000
제네시스 쿠페,가솔린,0,0,0,140000,2010,6900000
제네시스 쿠페,가솔린,0,0,0,140000,2009,7500000
제네시스 쿠페,가솔린,1,1,0,140000,2010,2800000
제네시스 쿠페,가솔린,1,1,0,140000,2010,4200000
제네시스,가솔린,1,1,0,140000,2015,19500000
제네시스,가솔린,1,1,0,140000,2009,3600000
제네시스,가솔린,1,1,0,140000,2012,12500000
제네시스,가솔린,1,1,0,140000,2012,12500000
아반떼,가솔린,1,1,0,140000,2012,4300000
아반떼,LPG,1,0,0,140000,2015,8330000
아반떼,디젤,1,1,0,140000,2016,8700000
아반떼,LPG+전기,1,1,0,140000,2010,5900000
쏘나타,가솔린,1,1,1,140000,2018,12300000
싼타페,디젤,1,1,0,140000,2006,3500000
싼타페,디젤,1,1,0,140000,2015,14500000
싼타페,디젤,1,1,0,140000,2015,14500000
스타렉스,디젤,0,0,0,140000,2003,6800000
벨로스터,가솔린,0,1,0,140000,2011,5920000
베라크루즈,디젤,1,1,0,140000,2013,14200000
베라크루즈,디젤,1,1,0,140000,2007,8500000
그랜저,가솔린,1,0,0,140000,2010,7500000
벨로스터,가솔린,1,1,0,140000,2015,9500000
스타렉스,디젤,0,1,0,140000,2006,4990000
에쿠스,가솔린,1,1,0,140000,2009,11000000
에쿠스,가솔린,1,1,0,140000,2009,6590000
i30,디젤,0,1,0,140000,2013,8900000
그랜저,가솔린,1,1,0,140000,2006,1990000
그랜저,가솔린,1,0,0,140000,2011,4300000
그랜저,LPG,1,1,0,140000,2015,11300000
그랜저,LPG,1,1,0,140000,2017,15990000
그랜저,가솔린,1,1,0,140000,2018,16700000
그랜저,가솔린,1,1,0,140000,2011,7600000
그랜저,가솔린,1,1,0,140000,2011,6400000
그랜저,가솔린,0,0,0,140000,1991,8900000
스타렉스,디젤,0,1,1,140000,2011,18900000
스타렉스,디젤,1,0,0,140000,2010,4700000
스타렉스,디젤,1,1,0,140000,2012,7900000
스타렉스,디젤,1,1,0,140000,2016,11500000
갤로퍼,디젤,0,0,1,140000,2001,5500000
쏘나타,가솔린,1,1,0,140000,2010,4200000
쏘나타,LPG,1,1,0,140000,2011,3700000
쏘나타,LPG,1,1,0,140000,2010,4300000
쏘나타,가솔린,1,1,0,140000,2010,2800000
쏘나타,LPG,0,0,0,140000,2008,1700000
캠핑카,디젤,0,1,0,140000,2010,44800000
캠핑카,디젤,0,1,0,140000,2009,39800000
제네시스,가솔린,1,1,1,140000,2017,23590000
제네시스,가솔린,1,1,1,140000,2016,25990000
제네시스,가솔린,1,1,0,140000,2017,32990000
티볼리,디젤,1,0,0,140000,2017,11700000
티볼리,디젤,1,1,0,140000,2018,10990000
티볼리,가솔린,1,1,0,140000,2016,9400000
코란도,디젤,0,1,0,140000,2013,9980000
코란도,디젤,0,1,0,140000,2013,5980000
코란도,디젤,1,1,0,140000,2013,7700000
렉스턴,디젤,1,0,0,140000,2011,3200000
로디우스,디젤,0,1,0,140000,2012,5880000
코란도,디젤,1,0,0,140000,2000,1800000
체어맨,가솔린,0,1,0,140000,2005,4300000
체어맨,가솔린,1,0,0,140000,2008,3990000
로디우스,디젤,1,1,0,140000,2007,2400000
로디우스,디젤,0,1,0,140000,2010,4990000
크루즈,디젤,0,0,0,140000,2013,3100000
캡티바,디젤,1,1,0,140000,2011,5990000
말리부,가솔린,1,1,1,140000,2017,9500000
스파크,LPG,1,1,0,140000,2012,2290000
스파크,가솔린,1,1,0,140000,2012,1490000
말리부,가솔린,0,1,0,140000,2013,5900000
sm7,가솔린,1,1,0,140000,2011,3990000
sm5,가솔린,0,1,0,140000,2014,6500000
sm5,가솔린,0,0,0,140000,2010,4300000
sm5,가솔린,0,0,0,140000,2010,4300000
sm5,LPG,1,1,0,140000,2012,2990000
sm5,가솔린,1,0,0,140000,2011,4000000
sm3,가솔린,1,0,0,140000,2010,4800000
sm5,가솔린,0,0,0,140000,2008,3500000
qm3,디젤,1,1,0,140000,2014,6700000
포르테,가솔린,1,1,0,140000,2010,5990000
카니발,디젤,1,1,0,140000,2016,14900000
카니발,디젤,1,1,0,140000,2015,14600000
카니발,디젤,1,1,0,140000,2014,14500000
k7,가솔린,1,1,0,140000,2016,14300000
오피러스,가솔린,0,1,0,140000,2011,6770000
오피러스,가솔린,1,1,0,140000,2009,5300000
쏘울,디젤,1,1,0,140000,2010,4800000
쏘울,디젤,1,0,0,140000,2009,3800000
쏘울,가솔린,1,1,0,140000,2009,4500000
쏘울,디젤,1,1,0,140000,2010,5000000
쏘렌토,디젤,1,1,0,140000,2011,8700000
스포티지,디젤,1,1,0,140000,2012,6200000
스포티지,디젤,1,1,0,140000,2011,7900000
봉고차,디젤,1,1,0,140000,2015,13700000
봉고차,디젤,1,0,0,140000,2015,9000000
봉고차,디젤,1,0,0,140000,2011,5500000
봉고차,디젤,1,0,0,140000,2005,5500000
봉고차,디젤,1,0,0,140000,2013,8000000
모하비,디젤,1,1,0,140000,2008,8500000
모하비,디젤,1,1,0,140000,2010,15200000
레이,가솔린/LPG겸용,0,1,0,140000,2012,7200000
레이,가솔린,1,1,0,140000,2012,5000000
카니발,디젤,1,1,0,140000,2017,15500000
쏘렌토,디젤,1,1,0,140000,2018,19500000
k9,가솔린,1,1,0,140000,2015,18500000
k7,LPG,1,1,0,140000,2013,8900000
k7,가솔린,1,1,0,140000,2011,7300000
k5,가솔린,0,0,0,140000,2013,11900000
k5,가솔린,0,0,0,140000,2014,9500000
k3,디젤,0,0,0,140000,2016,9500000
k9,가솔린,1,1,0,140000,2018,28500000
모닝,가솔린,1,1,0,140000,2008,1490000
카렌스,LPG,0,1,0,140000,2010,5920000
카렌스,LPG,1,1,1,140000,2010,3000000
카니발,디젤,0,0,0,140000,2014,2800000
오피러스,가솔린,0,0,0,140000,2006,4300000
쏘렌토,디젤,1,1,0,140000,2013,13300000
카니발,디젤,0,0,0,140000,2012,5500000
카니발,디젤,1,1,0,140000,2012,5900000
카니발,디젤,1,1,0,140000,2008,3990000
k9,가솔린,0,1,0,140000,2013,10800000
k9,가솔린,1,1,0,140000,2012,10900000
k7,LPG,0,0,0,140000,2010,5500000
k7,LPG,0,0,0,140000,2011,5200000
k5,가솔린+전기,1,1,0,140000,2013,6700000
k5,LPG,1,1,0,140000,2015,7500000
k5,가솔린,1,1,0,140000,2011,5300000
k5,가솔린,0,0,0,140000,2010,8900000
k5,가솔린,1,1,0,140000,2012,7500000
k5,LPG,1,1,0,140000,2012,3700000
k3,가솔린,1,1,0,140000,2014,7000000
알페온,가솔린,1,1,0,140000,2012,2990000
알페온,가솔린,1,1,0,140000,2010,5500000
라세티,가솔린,0,0,0,140000,2009,3500000
라세티,디젤,1,1,0,140000,2010,2190000
라세티,가솔린,0,0,0,140000,2009,3100000
포터,디젤,0,1,0,150000,2013,9200000
포터,디젤,1,1,0,150000,2011,5200000
포터,가솔린,1,0,0,150000,2016,8900000
포터,디젤,1,0,0,150000,2014,11500000
포터,디젤,1,1,0,150000,2011,5700000
제네시스 쿠페,가솔린,0,0,0,150000,2009,7700000
제네시스 쿠페,가솔린,0,1,0,150000,2009,6800000
제네시스 쿠페,가솔린,0,0,0,150000,2009,4900000
제네시스 쿠페,가솔린,0,0,0,150000,2009,7200000
제네시스 쿠페,가솔린,0,0,0,150000,2008,6500000
제네시스,가솔린,0,0,0,150000,2015,22300000
제네시스,가솔린,1,1,0,150000,2009,3900000
제네시스,가솔린,1,1,0,150000,2012,8500000
엑센트,디젤,1,0,0,150000,2012,4300000
엑센트,디젤,1,1,0,150000,2012,4800000
아반떼,가솔린,1,1,0,150000,2012,5290000
아반떼,가솔린,1,1,0,150000,2010,4200000
아반떼,가솔린,1,1,0,150000,2015,7600000
쏘나타,LPG,1,1,1,150000,2017,12990000
쏘나타,LPG,1,1,1,150000,2017,12990000
싼타페,디젤,1,1,0,150000,2012,12500000
싼타페,디젤,1,0,0,150000,2014,9300000
싼타페,디젤,1,1,0,150000,2013,13500000
싼타페,디젤,0,1,0,150000,2012,11200000
벨로스터,가솔린,1,1,0,150000,2011,4390000
그랜저,가솔린,1,1,0,150000,2010,5900000
스타렉스,LPG,0,1,0,150000,2004,4900000
스타렉스,디젤,0,0,0,150000,2007,4990000
스타렉스,디젤,1,0,0,150000,2005,3900000
에쿠스,가솔린,1,1,0,150000,2012,9300000
에쿠스,가솔린,1,0,0,150000,2011,8500000
그랜저,가솔린,1,0,0,150000,2005,3000000
그랜저,LPG,0,1,0,150000,2017,13800000
그랜저,가솔린,1,0,0,150000,2014,8030000
그랜저,가솔린,1,1,0,150000,2011,5900000
그랜저,LPG,1,1,0,150000,2012,8990000
그랜저,가솔린,1,1,0,150000,2011,6500000
스타렉스,디젤,0,0,0,150000,2012,15000000
스타렉스,디젤,0,1,0,150000,2011,5970000
스타렉스,디젤,1,0,0,150000,2011,10000000
스타렉스,디젤,1,1,0,150000,2016,10900000
스타렉스,디젤,0,1,0,150000,2011,6880000
쏘나타,가솔린,1,0,0,150000,2010,5300000
쏘나타,가솔린,1,1,0,150000,2010,4300000
쏘나타,LPG,1,1,0,150000,2010,4200000
쏘나타,가솔린,1,1,0,150000,2011,3500000
쏘나타,가솔린,1,1,0,150000,2010,2700000
쏘나타,가솔린,1,1,1,150000,2010,4790000
쏘나타,LPG,1,1,0,150000,2008,2500000
쏘나타,가솔린,1,1,0,150000,2014,7500000
쏘나타,LPG,1,1,0,150000,2016,7200000
쏘나타,가솔린,1,1,0,150000,2014,5900000
i30,가솔린,1,1,0,150000,2009,3990000
캠핑카,디젤,0,1,0,150000,2007,35800000
제네시스,가솔린,1,1,0,150000,2019,50900000
제네시스,가솔린,0,0,0,150000,2017,21000000
제네시스,가솔린,1,0,0,150000,2016,49990000
티볼리,디젤,1,1,0,150000,2015,8200000
코란도,디젤,1,1,0,150000,2013,5990000
코란도,디젤,1,1,0,150000,2013,5990000
코란도,디젤,1,1,0,150000,2011,4190000
코란도,디젤,1,0,0,150000,2014,4100000
체어맨,가솔린,1,1,0,150000,2008,4990000
체어맨,가솔린,1,1,0,150000,2010,3990000
렉스턴,디젤,1,1,1,150000,2013,9500000
렉스턴,디젤,1,1,0,150000,2012,7900000
렉스턴,디젤,1,1,0,150000,2007,4200000
코란도,디젤,1,1,0,150000,2014,6500000
크루즈,디젤,1,1,0,150000,2012,2800000
캡티바,디젤,1,1,0,150000,2011,6500000
올란도,LPG,0,1,0,150000,2013,8300000
스파크,LPG,1,1,0,150000,2013,2400000
말리부,가솔린,1,1,0,150000,2012,3990000
sm5,LPG,0,1,0,150000,2006,2900000
sm5,가솔린,1,1,0,150000,2010,2990000
sm5,가솔린,1,1,0,150000,2010,3300000
sm5,가솔린,1,1,0,150000,2007,1800000
qm6,디젤,1,1,0,150000,2016,14500000
qm5,디젤,1,1,0,150000,2008,4000000
카니발,디젤,1,1,0,150000,2015,14500000
모닝,가솔린,1,1,0,150000,2011,2500000
모닝,가솔린,1,1,0,150000,2011,2500000
k7,LPG,1,1,0,150000,2017,13900000
k7,LPG,0,1,0,150000,2017,14900000
k7,LPG,1,1,0,150000,2016,13800000
쏘울,디젤,1,1,0,150000,2009,2990000
쏘렌토,디젤,1,1,0,150000,2009,7300000
스포티지,디젤,0,0,0,150000,2011,8900000
스포티지,디젤,1,1,0,150000,2010,7790000
스포티지,디젤,1,1,0,150000,2011,6500000
봉고차,디젤,1,0,0,150000,2010,18500000
모하비,가솔린,1,1,0,150000,2010,21390000
모하비,디젤,1,1,0,150000,2009,9800000
모하비,디젤,1,1,0,150000,2008,9990000
로체,LPG,1,1,0,150000,2009,2900000
레이,가솔린,1,1,0,150000,2012,5300000
k7,LPG,0,0,0,150000,2013,13500000
k7,LPG,1,1,0,150000,2014,10800000
k5,LPG,1,1,1,150000,2018,11990000
k5,LPG,1,1,1,150000,2018,11990000
모닝,가솔린,0,0,0,150000,2011,2600000
쏘렌토,디젤,1,1,0,150000,2014,11500000
쏘렌토,디젤,1,1,0,150000,2012,9600000
쏘렌토,디젤,1,1,0,150000,2012,9600000
카니발,디젤,0,0,0,150000,2005,2700000
카니발,디젤,1,1,0,150000,2008,3700000
카니발,디젤,1,1,0,150000,2009,5200000
k7,가솔린,1,1,0,150000,2010,5600000
k7,가솔린,1,1,0,150000,2010,5500000
k7,가솔린,1,1,0,150000,2011,4690000
k5,가솔린,1,1,0,150000,2011,4900000
k5,LPG,1,1,0,150000,2011,3700000
티코,가솔린,0,0,0,150000,1997,14500000
윈스톰,디젤,1,0,0,150000,2010,1790000
알페온,가솔린,1,1,0,150000,2011,4900000
토스카,LPG,1,0,0,1690000,2008,1700000
포터,디젤,1,1,0,160000,2019,14000000
포터,디젤,1,1,0,160000,2008,6100000
포터,디젤,1,1,0,160000,2014,7700000
포터,디젤,1,1,0,160000,2009,4900000
투싼,디젤,1,1,0,160000,2011,7700000
투싼,디젤,1,1,0,160000,2011,5990000
제네시스 쿠페,가솔린,0,0,0,160000,2009,8400000
제네시스 쿠페,가솔린,0,0,0,160000,2009,4900000
제네시스 쿠페,가솔린,0,0,0,160000,2009,6700000
제네시스,가솔린,0,0,0,160000,2014,21900000
제네시스,가솔린,0,1,0,160000,2008,8300000
제네시스,가솔린,0,0,0,160000,2012,10700000
제네시스,가솔린,1,1,0,160000,2008,5500000
제네시스,가솔린,1,1,0,160000,2009,5500000
투싼,디젤,1,1,0,160000,2016,12500000
에쿠스,가솔린,1,1,0,160000,2004,3500000
아반떼,LPG+전기,1,0,0,160000,2009,3100000
쏘나타,가솔린+전기,1,1,0,160000,2013,7300000
쏘나타,LPG,1,0,0,160000,2019,10490000
싼타페,디젤,1,1,0,160000,2012,6900000
싼타페,디젤,1,0,0,160000,2015,14200000
제네시스 쿠페,가솔린,0,0,0,160000,2012,8900000
스타렉스,디젤,1,1,0,160000,2018,14800000
스타렉스,디젤,0,1,0,160000,2006,5500000
투싼,디젤,1,1,0,160000,2013,8990000
에쿠스,가솔린,1,1,0,160000,2010,11200000
에쿠스,가솔린,1,1,0,160000,2013,17500000
에쿠스,가솔린,1,1,0,160000,2010,9750000
그랜저,LPG,0,0,0,160000,2007,2800000
그랜저,가솔린,0,1,1,160000,2013,8200000
그랜저,가솔린,1,1,0,160000,2011,6990000
그랜저,LPG,1,0,0,160000,2012,8770000
그랜저,LPG,1,1,0,160000,2011,9800000
그랜저,가솔린,1,1,0,160000,2011,6390000
그랜저,가솔린,1,1,0,160000,2011,6990000
스타렉스,디젤,1,1,0,160000,2007,4700000
스타렉스,디젤,1,1,0,160000,2016,12900000
스타렉스,디젤,1,1,0,160000,2012,5490000
쏘나타,가솔린,0,0,0,160000,2010,4600000
쏘나타,LPG,1,0,0,160000,2009,3700000
쏘나타,LPG,1,1,0,160000,2006,1390000
쏘나타,가솔린+전기,1,1,0,160000,2015,12300000
쏘나타,LPG,1,0,0,160000,2014,8900000
쏘나타,LPG,1,1,0,160000,2015,9200000
쏘나타,가솔린,1,1,0,160000,2014,8700000
i30,가솔린,1,1,0,160000,2009,4400000
캠핑카,디젤,0,1,0,160000,2010,44800000
캠핑카,디젤,0,1,0,160000,2010,44800000
캠핑카,디젤,0,1,0,160000,2007,29500000
캠핑카,디젤,1,0,0,160000,2008,52000000
캠핑카,디젤,0,1,0,160000,2011,48800000
제네시스,가솔린,0,0,0,160000,2017,22900000
코란도,디젤,0,0,0,160000,2013,6500000
코란도,디젤,1,1,0,160000,2013,3790000
체어맨,가솔린,1,1,0,160000,2008,3700000
액티언,디젤,0,0,0,160000,2010,3990000
코란도,디젤,1,1,0,160000,2002,5600000
코란도,디젤,1,1,0,160000,2015,8200000
크루즈,디젤,1,1,0,160000,2011,3300000
크루즈,가솔린,0,0,0,160000,2011,2100000
말리부,가솔린,1,1,0,160000,2016,10000000
말리부,가솔린,1,1,1,160000,2016,8500000
스파크,LPG,0,1,0,160000,2014,3100000
말리부,가솔린,1,1,0,160000,2012,5490000
sm3,가솔린,1,1,0,160000,2009,1690000
sm3,가솔린,1,1,0,160000,2009,1890000
sm7,가솔린,0,0,0,160000,2008,2990000
sm6,디젤,1,1,0,160000,2016,9100000
sm5,LPG,1,1,1,160000,2016,6700000
qm3,디젤,1,0,0,160000,2014,5800000
모닝,가솔린/LPG겸용,1,0,0,160000,2012,3900000
k7,LPG,0,1,0,160000,2017,16490000
오피러스,LPG,1,1,0,160000,2010,6200000
쏘렌토,디젤,1,1,0,160000,2009,6500000
스포티지,디젤,1,1,0,160000,2015,11700000
봉고차,디젤,0,1,0,160000,2014,9550000
봉고차,디젤,1,1,0,160000,2007,3690000
봉고차,디젤,1,1,0,160000,2009,4500000
레이,가솔린,0,1,0,160000,2015,6400000
k7,가솔린,1,1,0,160000,2011,6400000
k7,가솔린,1,1,0,160000,2013,7500000
k5,LPG,1,0,0,160000,2014,8800000
k5,가솔린,1,1,0,160000,2013,8800000
프라이드,디젤,0,1,0,160000,2009,3490000
카렌스,LPG,1,1,0,160000,2006,1990000
오피러스,가솔린,1,0,0,160000,2008,2300000
카니발,디젤,1,1,0,160000,2011,6400000
카니발,가솔린,0,0,0,160000,2009,2600000
k5,가솔린+전기,1,1,0,160000,2011,7900000
k5,가솔린,1,1,0,160000,2012,4900000
k5,LPG,0,0,0,160000,2010,3200000
k5,LPG,1,1,0,160000,2010,3790000
라세티,가솔린,1,1,0,160000,2010,2400000
라세티,가솔린,1,1,0,160000,2010,2800000
봉고차,디젤,1,0,0,966,2020,25800000
포터,디젤,0,1,0,170000,2010,8990000
포터,디젤,1,1,0,170000,2017,12900000
포터,디젤,1,1,0,170000,2011,5290000
포터,디젤,1,1,0,170000,2011,4500000
포니,가솔린,1,0,0,170000,1987,12000000
투싼,디젤,1,1,0,170000,2010,5990000
제네시스 쿠페,가솔린,0,1,1,170000,2010,5800000
제네시스,가솔린,1,1,0,170000,2015,13990000
제네시스,가솔린,1,0,0,170000,2010,3100000
제네시스,가솔린,1,1,0,170000,2010,5950000
제네시스,가솔린,1,1,0,170000,2009,5300000
제네시스,가솔린,1,0,0,170000,2011,5400000
제네시스,가솔린,1,1,0,170000,2008,5200000
쏘나타,가솔린,0,0,1,170000,1994,1900000
싼타페,디젤,1,0,0,170000,2007,3400000
벨로스터,가솔린,1,0,0,170000,2012,6500000
베라크루즈,가솔린,1,1,0,170000,2009,9800000
스타렉스,디젤,0,1,0,170000,2006,4990000
투싼,디젤,1,1,0,170000,2014,8300000
에쿠스,가솔린,0,0,1,170000,2010,16500000
에쿠스,가솔린,1,0,0,170000,2010,10000000
에쿠스,가솔린,1,1,0,170000,2010,13990000
그랜저,가솔린+전기,0,1,0,170000,2015,12880000
그랜저,가솔린,1,1,0,170000,2011,6400000
그랜저,가솔린,1,1,0,170000,2011,5000000
그랜저,디젤,0,0,0,170000,2014,13200000
스타렉스,디젤,0,0,0,170000,2012,12400000
스타렉스,디젤,1,1,0,170000,2012,6100000
스타렉스,디젤,1,1,0,170000,2015,12800000
갤로퍼,디젤,0,1,0,170000,1997,3660000
쏘나타,가솔린,1,1,0,170000,2009,3990000
쏘나타,가솔린,1,1,0,170000,2010,3800000
쏘나타,가솔린,1,1,0,170000,2011,4500000
쏘나타,가솔린,1,0,0,170000,2008,1900000
쏘나타,LPG,1,1,0,170000,2014,6300000
캠핑카,디젤,1,0,0,170000,2011,43900000
제네시스,가솔린,1,1,0,170000,2016,18900000
코란도,디젤,1,1,0,170000,2012,6090000
체어맨,가솔린,0,0,0,170000,2008,3500000
액티언,디젤,1,1,0,170000,2008,2900000
크루즈,가솔린,1,1,0,170000,2011,2090000
스파크,가솔린,1,1,0,170000,2013,2800000
스파크,LPG,1,1,0,170000,2011,2500000
스파크,LPG,1,1,0,170000,2011,2900000
sm7,가솔린,1,1,0,170000,2011,3890000
sm5,가솔린,1,1,0,170000,2010,3400000
sm5,가솔린,1,1,0,170000,2010,1890000
sm7,가솔린,1,1,0,170000,2009,2600000
sm7,가솔린,0,1,0,170000,2006,2550000
sm5,가솔린,1,0,0,170000,2008,3300000
qm5,디젤,1,0,0,170000,2009,3000000
포르테,가솔린,0,0,0,170000,2010,4300000
포르테,가솔린,1,1,0,170000,2010,2690000
모닝,가솔린/LPG겸용,1,1,0,170000,2012,3700000
k7,LPG,1,1,0,170000,2016,12300000
오피러스,가솔린,1,1,0,170000,2009,3900000
스포티지,디젤,1,1,0,170000,2012,7700000
모하비,디젤,1,1,0,170000,2009,9500000
모하비,디젤,0,0,0,170000,2008,9900000
k7,가솔린,1,1,0,170000,2012,4600000
쏘렌토,디젤,1,0,0,170000,2017,19500000
모하비,디젤,1,1,0,170000,2017,19500000
k7,LPG,1,1,0,170000,2014,6600000
카렌스,LPG,1,1,0,170000,2007,3200000
카니발,디젤,1,1,0,170000,2011,6200000
오피러스,가솔린,1,1,0,170000,2006,2200000
카니발,디젤,0,1,1,170000,2011,6700000
k7,LPG,1,1,0,170000,2011,5500000
k7,가솔린,1,0,0,170000,2010,6500000
k7,가솔린,1,1,0,170000,2010,5300000
k5,가솔린,1,1,0,170000,2011,3700000
k5,가솔린,1,1,0,170000,2010,5200000
k3,가솔린,1,1,1,170000,2014,6190000
베리타스,가솔린,1,0,0,170000,2009,5800000
캠핑카,디젤,0,0,1,170000,2009,35000000
제네시스 쿠페,가솔린,0,0,0,180000,2010,5900000
제네시스,가솔린,0,0,0,180000,2011,20900000
제네시스,가솔린,1,1,0,180000,2014,14400000
제네시스,가솔린,1,1,1,180000,2011,6200000
제네시스,가솔린,1,1,0,180000,2009,5200000
아반떼,가솔린,1,1,0,180000,2011,4300000
싼타페,디젤,1,1,0,180000,2008,4300000
싼타페,디젤,1,0,0,180000,2003,1600000
아반떼,디젤,1,1,0,180000,2014,6600000
에쿠스,가솔린,1,0,0,180000,2009,9000000
에쿠스,가솔린,0,1,0,180000,2013,12900000
에쿠스,가솔린,1,0,0,180000,2013,16500000
에쿠스,가솔린,1,1,0,180000,2010,12690000
에쿠스,가솔린,1,1,0,180000,2010,12690000
에쿠스,가솔린,1,1,0,180000,2009,6500000
그랜저,LPG,1,1,0,180000,2007,2300000
그랜저,가솔린,1,1,0,180000,2011,5400000
스타렉스,디젤,1,0,0,180000,2011,7500000
스타렉스,디젤,1,1,0,180000,2009,4700000
스타렉스,디젤,1,1,0,180000,2018,15900000
스타렉스,디젤,1,0,0,180000,2010,4900000
쏘나타,LPG,0,1,0,180000,2011,5500000
쏘나타,디젤,1,0,0,180000,2006,1700000
쏘나타,가솔린,0,1,1,180000,2014,9990000
쏘나타,LPG,1,1,0,180000,2015,6700000
캠핑카,디젤,1,0,0,180000,2005,30500000
제네시스,디젤,1,1,0,180000,2018,26500000
코란도,디젤,1,1,0,180000,2013,7500000
코란도,디젤,1,1,1,180000,2013,8200000
렉스턴,가솔린,0,0,0,180000,2005,11500000
렉스턴,디젤,1,1,0,180000,2007,2700000
렉스턴,디젤,1,1,0,180000,2004,2250000
크루즈,디젤,1,1,0,180000,2012,2600000
크루즈,가솔린,1,0,0,180000,2013,2500000
아베오,가솔린,1,0,0,180000,2011,4000000
sm5,가솔린,1,0,0,180000,2012,4300000
sm5,LPG,1,1,0,180000,2011,2090000
sm5,가솔린,1,1,1,180000,2007,1600000
sm5,가솔린,1,0,0,180000,2011,2290000
sm3,가솔린,1,1,0,180000,2009,2200000
sm5,가솔린,1,0,0,180000,2009,2400000
포텐샤,가솔린,1,1,0,180000,1993,8500000
포르테,가솔린,0,1,1,180000,2012,3990000
카니발,디젤,1,1,0,180000,2016,15400000
오피러스,가솔린,0,0,0,180000,2010,5300000
쏘렌토,디젤,0,0,1,180000,2012,9900000
모하비,디젤,1,1,0,180000,2015,18800000
모하비,가솔린,0,0,0,180000,2010,12900000
모하비,디젤,1,1,0,180000,2008,10900000
모하비,디젤,1,1,0,180000,2008,8700000
로체,LPG,1,1,0,180000,2010,1890000
k7,가솔린,1,1,0,180000,2011,4990000
모하비,디젤,1,1,0,180000,2017,19990000
k9,가솔린,1,1,0,180000,2015,15500000
k9,가솔린,1,1,0,180000,2015,15500000
k7,가솔린,1,1,0,180000,2013,8200000
카렌스,가솔린,1,0,0,180000,2009,1900000
오피러스,가솔린,1,1,0,180000,2007,2300000
쏘렌토,디젤,1,1,0,180000,2013,9500000
k9,가솔린,0,0,0,180000,2014,14900000
k5,LPG,0,1,0,180000,2012,6990000
k5,가솔린,1,1,0,180000,2010,4400000
마티즈,가솔린,1,1,0,180000,2010,2700000
제네시스,가솔린,0,0,0,128,2021,52500000
포터,디젤,1,1,0,190000,2010,6900000
투싼,디젤,1,1,0,190000,2010,6500000
투싼,디젤,1,0,0,190000,2007,2800000
테라칸,가솔린,0,0,0,190000,2003,35000000
제네시스 쿠페,가솔린,1,0,0,190000,2009,8700000
제네시스 쿠페,가솔린,0,0,0,190000,2010,5900000
제네시스 쿠페,가솔린,1,1,0,190000,2009,3400000
제네시스,가솔린,1,1,0,190000,2014,13900000
제네시스,가솔린,0,1,0,190000,2015,14500000
싼타페,디젤,1,1,1,190000,2014,13990000
싼타페,디젤,1,1,1,190000,2014,13990000
싼타페,디젤,1,0,0,190000,2008,4800000
베라크루즈,가솔린,1,1,0,190000,2011,9900000
스타렉스,디젤,1,0,0,190000,2005,13990000
스타렉스,디젤,1,0,0,190000,2006,13990000
에쿠스,가솔린,0,0,0,190000,2013,16500000
i30,디젤,1,1,0,190000,2012,4700000
그랜저,LPG,0,0,0,190000,2005,1800000
그랜저,LPG,0,1,0,190000,2017,15900000
그랜저,디젤,1,1,1,190000,2015,8790000
그랜저,가솔린,1,1,0,190000,2009,2900000
쏘나타,LPG,1,1,0,190000,2011,3990000
쏘나타,LPG,1,1,0,190000,2015,5900000
i40,가솔린,1,1,0,190000,2012,6800000
캠핑카,디젤,0,1,0,190000,2012,43800000
코란도,디젤,1,1,0,190000,2012,5400000
체어맨,가솔린,1,0,0,190000,2008,2990000
체어맨,가솔린,1,0,0,190000,2008,6990000
액티언,디젤,1,0,0,190000,2009,2400000
로디우스,디젤,0,1,0,190000,2005,3200000
크루즈,가솔린,1,1,0,190000,2013,3500000
말리부,가솔린,1,1,0,190000,2012,3500000
sm5,LPG,0,0,0,190000,2010,2300000
sm5,LPG,1,1,0,190000,2010,3700000
카니발,디젤,1,1,0,190000,2015,13400000
k7,LPG,0,1,1,190000,2016,13990000
오피러스,가솔린,1,1,0,190000,2010,5400000
오피러스,가솔린,1,1,0,190000,2009,3900000
오피러스,가솔린,1,0,0,190000,2004,3000000
봉고차,디젤,1,1,0,190000,2015,6990000
모하비,디젤,1,1,0,190000,2015,16900000
모하비,디젤,1,1,0,190000,2009,8500000
로체,LPG,1,1,0,190000,2008,1690000
레이,가솔린,1,1,0,190000,2017,6100000
k7,가솔린,0,0,0,190000,2013,8300000
프라이드,디젤,1,1,0,190000,2007,1290000
카니발,디젤,1,1,0,190000,2010,5000000
카니발,디젤,0,1,0,190000,2013,12880000
k9,가솔린,0,0,0,190000,2012,17900000
k7,가솔린,0,1,0,190000,2010,6900000
k5,LPG,1,1,0,190000,2013,3700000
k5,가솔린,1,1,0,190000,2011,3900000
카니발 리무진,디젤,0,0,1,200,2021,78950000
포터,디젤,1,0,0,10000,2020,1650000
팰리세이드,가솔린,0,0,0,10000,2021,43200000
팰리세이드,가솔린,1,0,0,10000,2019,34000000
팰리세이드,디젤,1,1,0,10000,2020,37700000
코나,전기,0,0,0,10000,2020,32500000
코나,가솔린,1,1,0,10000,2021,35990000
아반떼,가솔린,1,1,0,10000,2020,21990000
아반떼,가솔린,1,1,0,10000,2020,24300000
아반떼,가솔린,1,1,0,10000,2020,17300000
아반떼,가솔린,1,1,0,10000,2021,19500000
쏘나타,가솔린+전기,1,1,0,10000,2021,25700000
쏘나타,가솔린,1,1,0,10000,2021,28900000
베뉴,가솔린,1,1,0,10000,2019,18900000
베뉴,가솔린,1,1,0,10000,2020,20200000
투싼,가솔린,1,1,0,10000,2021,32600000
싼타페,가솔린,1,1,0,10000,2020,37200000
그랜저,가솔린+전기,1,1,0,10000,2020,41500000
그랜저,가솔린,1,1,0,10000,2021,31400000
스타렉스,디젤,1,1,0,10000,2020,48900000
스타렉스,디젤,1,1,0,10000,2020,48700000
그랜저,가솔린+하이브리드,1,0,0,10000,2017,30000000
그랜저,가솔린,1,1,0,10000,2018,20300000
캠핑카,디젤,0,1,0,10000,2019,65500000
캠핑카,디젤,0,0,0,10000,2020,50000000
캠핑카,디젤,0,1,0,10000,2020,68500000
제네시스,가솔린,1,1,0,10000,2020,68500000
제네시스,가솔린,0,0,0,10000,2020,70000000
제네시스,가솔린,1,1,0,10000,2020,63400000
제네시스,가솔린,1,1,0,10000,2020,58900000
제네시스,가솔린,0,0,1,10000,2020,53500000
제네시스,가솔린,0,0,0,10000,2021,54800000
제네시스,가솔린,1,1,0,10000,2021,57900000
제네시스,디젤,1,1,0,10000,2021,57500000
제네시스,가솔린,0,0,0,10000,2020,91900000
제네시스,가솔린,1,1,0,10000,2019,31500000
제네시스,가솔린,1,1,1,10000,2020,35000000
티볼리,가솔린,1,1,0,10000,2019,16900000
티볼리,가솔린,1,0,0,10000,2020,18300000
티볼리,가솔린,1,1,0,10000,2018,13500000
티볼리,가솔린,1,1,0,10000,2017,9400000
코란도,디젤,1,1,0,10000,2019,24900000
코란도,가솔린,1,1,0,10000,2020,19950000
렉스턴,디젤,1,1,0,10000,2019,30000000
렉스턴,디젤,1,1,0,10000,2021,28000000
캠핑카,디젤,0,1,0,10000,2021,65500000
캠핑카,디젤,0,1,1,10000,2020,64000000
qm6,가솔린,1,1,0,10000,2020,19500000
xm3,가솔린,1,1,0,10000,2021,20800000
xm3,가솔린,1,1,0,10000,2020,22800000
sm5,가솔린,1,0,0,10000,2019,13500000
sm3,가솔린,1,1,0,10000,2018,12500000
qm6,가솔린,0,1,1,10000,2019,23500000
캠핑카,디젤,1,0,0,10000,2020,55000000
카니발,디젤,1,1,0,10000,2021,37500000
카니발,디젤,0,0,0,10000,2020,46000000
카니발,디젤,1,1,1,10000,2021,41590000
카니발,디젤,1,0,0,10000,2021,47000000
카니발,디젤,0,1,0,10000,2020,45000000
모닝,가솔린,1,1,0,10000,2012,2490000
모닝,가솔린,1,1,0,10000,2018,10450000
모닝,가솔린,1,0,0,10000,2018,11500000
모닝,가솔린,1,0,0,10000,2017,6800000
k7,가솔린,1,1,1,10000,2017,24490000
k3,가솔린,1,0,0,10000,2018,11900000
쏘울,디젤,1,1,0,10000,2019,16990000
스포티지,가솔린,1,1,0,10000,2018,19200000
스포티지,디젤,1,0,0,10000,2018,20990000
셀토스,가솔린,1,1,0,10000,2019,24990000
셀토스,가솔린,1,1,0,10000,2021,21700000
셀토스,가솔린,1,1,0,10000,2021,21700000
셀토스,가솔린,1,1,0,10000,2019,23900000
봉고차,디젤,1,1,1,10000,2019,18990000
모하비,디젤,1,1,0,10000,2020,48000000
모하비,디젤,1,0,0,10000,2020,48000000
모하비,디젤,1,1,0,10000,2020,49500000
모하비,디젤,1,1,0,10000,2021,45900000
모하비,디젤,1,1,0,10000,2021,51500000
모닝,가솔린,1,1,0,10000,2021,12600000
모닝,가솔린,1,1,0,10000,2020,8890000
레이,가솔린,1,0,0,10000,2016,5800000
카니발,디젤,1,0,0,10000,2018,29800000
카니발,디젤,1,0,0,10000,2018,32000000
레이,가솔린,1,1,0,10000,2019,13990000
레이,가솔린,1,1,0,10000,2019,14900000
레이,가솔린,1,1,0,10000,2020,14900000
레이,가솔린,1,1,0,10000,2021,15590000
레이,가솔린,1,1,0,10000,2020,14900000
레이,가솔린,1,1,0,10000,2020,13900000
레이,가솔린,1,1,0,10000,2020,14300000
k5,가솔린,1,1,0,10000,2019,17300000
모닝,가솔린,1,1,0,10000,2010,4200000
모닝,가솔린,1,1,0,10000,2010,4200000
k7,LPG,1,1,0,10000,2020,21990000
k7,디젤,1,1,0,10000,2019,29990000
k5,가솔린+전기,1,1,0,10000,2020,30900000
k5,가솔린,1,1,0,10000,2020,26800000
k5,가솔린,1,0,0,10000,2020,24300000
k5,디젤,0,1,0,10000,2016,11500000
k5,가솔린,1,1,0,10000,2020,25500000
k5,LPG,1,1,0,10000,2020,23990000
k5,가솔린,1,1,0,10000,2021,22990000
k5,가솔린,1,1,1,10000,2021,32000000
캠핑카,디젤,0,1,1,10000,2019,96000000
다마스,가솔린+하이브리드,1,0,0,10000,2020,7500000
포터,디젤,1,0,0,1000,2020,24500000
제네시스,가솔린,1,1,0,1000,2014,19400000
아반떼,가솔린,1,0,0,1000,2021,24500000
쏘나타,LPG,0,1,0,1000,2021,24800000
싼타페,가솔린,1,1,0,1000,2021,43900000
그랜저,가솔린,1,0,0,1000,2021,30500000
그랜저,LPG,1,1,0,1000,2021,42900000
제네시스,가솔린,1,0,0,1000,2022,4500000
제네시스,디젤,1,0,0,1000,2021,3500000
코란도,가솔린,1,0,0,1000,2020,22500000
k5,LPG,1,1,0,1000,2021,21500000
카니발 리무진,디젤,0,0,0,1000,2021,83000000
카니발 리무진,가솔린,0,0,0,1000,2021,83000000
레이,가솔린,0,0,0,240,2021,22900000
qm6,LPG,1,1,0,100,2021,28300000
포터,디젤,0,1,0,200000,2014,8770000
포터,디젤,1,1,0,200000,2014,11990000
포터,디젤,1,1,0,200000,2011,4600000
포터,디젤,1,1,0,200000,2008,3700000
테라칸,디젤,1,1,1,200000,2004,3800000
제네시스 쿠페,가솔린,1,1,0,200000,2010,3500000
제네시스,가솔린,1,1,0,200000,2014,11900000
제네시스,가솔린,1,1,0,200000,2009,5500000
싼타페,디젤,1,1,0,200000,2012,10900000
베라크루즈,디젤,0,0,0,200000,2013,13600000
에쿠스,가솔린,0,0,0,200000,2015,18500000
에쿠스,가솔린/LPG겸용,1,1,0,200000,2009,12000000
그랜저,LPG,1,1,0,200000,2013,6500000
그랜저,디젤,1,1,1,200000,2014,8000000
캠핑카,디젤,0,1,0,200000,2009,43800000
코란도,디젤,0,0,0,200000,2012,7300000
코란도,디젤,1,1,0,200000,2012,2990000
액티언,디젤,1,0,0,200000,2009,2600000
체어맨,가솔린,1,0,0,200000,2011,6100000
스파크,가솔린,0,1,0,200000,2011,2590000
sm5,가솔린,1,1,0,200000,2010,1690000
sm5,가솔린,1,1,1,200000,2009,2200000
쏘울,디젤,1,0,0,200000,2014,7200000
오피러스,가솔린,1,1,0,200000,2010,4990000
봉고차,디젤,0,1,0,200000,2017,14880000
모하비,디젤,1,1,0,200000,2010,8590000
모하비,디젤,1,1,0,200000,2011,10500000
모하비,디젤,1,1,0,200000,2008,9500000
카니발,디젤,1,0,0,200000,2018,14800000
오피러스,가솔린,1,0,0,200000,2007,1900000
카니발,디젤,1,1,0,200000,2010,4800000
카니발,디젤,1,0,0,200000,2010,6000000
포터,디젤,1,1,0,210000,2009,6900000
포터,디젤,1,1,0,210000,2009,3500000
포터,디젤,0,1,0,210000,2011,4900000
제네시스 쿠페,가솔린,1,1,0,210000,2008,7300000
제네시스,가솔린,1,1,0,210000,2011,7600000
제네시스,가솔린,1,1,0,210000,2009,4500000
제네시스,가솔린,1,1,1,210000,2013,9480000
스타렉스,디젤,1,0,0,210000,2006,3300000
스타렉스,디젤,1,1,1,210000,2006,3800000
쏘나타,LPG,1,1,0,210000,2004,3500000
에쿠스,가솔린,1,1,0,210000,2010,5900000
에쿠스,가솔린,1,1,0,210000,2009,6300000
에쿠스,가솔린,1,0,0,210000,2010,6200000
스타렉스,디젤,0,1,0,210000,2007,11900000
스타렉스,디젤,0,1,0,210000,2013,14880000
스타렉스,디젤,0,0,0,210000,2010,6500000
갤로퍼,디젤,0,1,0,210000,2000,4990000
캠핑카,디젤,0,1,0,210000,2005,21500000
코란도,디젤,1,0,0,210000,2013,8200000
코란도,가솔린,1,1,0,210000,2012,7200000
코란도,디젤,1,1,0,210000,2012,7200000
코란도,디젤,1,1,0,210000,2013,6700000
체어맨,가솔린,1,1,0,210000,2008,2700000
렉스턴,디젤,1,1,0,210000,2013,7300000
렉스턴,디젤,1,1,0,210000,2012,6500000
체어맨,가솔린,1,1,0,210000,2012,8700000
sm7,가솔린,1,1,1,210000,2011,4600000
sm7,가솔린,1,1,0,210000,2008,1500000
k7,가솔린,1,1,0,210000,2016,10990000
쏘렌토,디젤,1,0,0,210000,2002,2000000
봉고차,디젤,1,1,0,210000,2007,4990000
봉고차,디젤,1,1,0,210000,2013,7500000
모하비,가솔린,1,0,0,210000,2009,18500000
k5,LPG,1,1,0,210000,2014,4990000
카니발,디젤,1,0,0,210000,2009,2500000
k9,가솔린,0,0,0,210000,2012,13500000
마티즈,가솔린,1,1,0,210000,2010,2100000
카니발,가솔린,0,0,0,20,2021,98450000
포터,디젤,1,1,0,220000,2009,3300000
포터,디젤,1,1,0,220000,2010,4400000
포니,가솔린,0,0,1,220000,1987,30000000
테라칸,디젤,0,1,0,220000,2002,3880000
제네시스,가솔린,1,1,0,220000,2015,13800000
제네시스,가솔린,1,0,0,220000,2012,8000000
제네시스,가솔린,1,0,0,220000,2012,6200000
그랜저,LPG,1,0,0,220000,2014,11000000
그랜저,LPG,1,1,0,220000,2013,8500000
코란도,디젤,1,1,0,220000,2017,6990000
코란도,디젤,1,1,0,220000,2013,6700000
액티언,디젤,1,1,0,220000,2007,2300000
렉스턴,디젤,1,1,0,220000,2012,6800000
sm5,가솔린,1,0,0,220000,2009,3000000
봉고차,디젤,1,0,0,220000,2017,11500000
레토나,디젤,1,0,0,220000,1999,3300000
스포티지,디젤,1,0,0,220000,2014,10000000
모닝,가솔린,1,0,0,220000,2016,2900000
오피러스,가솔린,1,1,0,220000,2007,2800000
k9,가솔린,0,1,1,220000,2012,9600000
카니발 리무진,디젤,0,0,0,23,2021,52200000
포터,디젤,1,1,0,230000,2010,4100000
포터,디젤,1,1,0,230000,2014,6600000
테라칸,디젤,0,0,0,230000,2005,3500000
제네시스,가솔린,1,1,0,230000,2014,14800000
엑센트,디젤,1,1,0,230000,2013,3800000
싼타페,디젤,1,0,0,230000,2007,3600000
베라크루즈,디젤,1,1,0,230000,2010,8600000
에쿠스,가솔린,1,1,0,230000,2009,7500000
쏘나타,LPG,1,1,0,230000,2010,2590000
카운티,디젤,1,0,0,230000,2007,11000000
제네시스,가솔린,1,1,0,230000,2018,32900000
코란도,디젤,0,0,0,230000,2014,18500000
렉스턴,디젤,0,0,0,230000,2004,2700000
오피러스,LPG,1,0,0,230000,2011,5850000
쏘렌토,LPG,1,1,0,230000,2009,7200000
레이,가솔린,1,1,0,230000,2013,4200000
k7,가솔린,1,0,0,230000,2011,3800000
k7,가솔린,1,1,0,230000,2010,4000000
k7,LPG,1,1,0,230000,2010,5300000
카니발 리무진,가솔린,0,0,0,24,2021,61740000
qm6,LPG,1,1,0,384,2021,28300000
포터,디젤,0,1,0,240000,2011,4700000
포터,디젤,0,1,0,240000,2015,8500000
포터,디젤,1,1,0,240000,2012,5300000
제네시스 쿠페,가솔린,0,0,0,240000,2010,6500000
제네시스 쿠페,가솔린,0,0,0,240000,2010,6500000
에쿠스,가솔린,1,1,1,240000,2013,11200000
그랜저,LPG,0,1,1,240000,2006,1900000
그랜저,LPG,1,1,0,240000,2016,11700000
스타렉스,디젤,1,1,0,240000,2010,3990000
스타렉스,디젤,1,0,0,240000,2010,25500000
캠핑카,디젤,0,1,0,240000,2008,37800000
캠핑카,디젤,0,0,0,240000,2007,40000000
캠핑카,디젤,1,0,0,240000,2008,37000000
캡티바,디젤,1,0,0,240000,2012,5000000
sm5,가솔린,1,1,1,240000,2006,1600000
카니발,디젤,1,0,0,240000,2014,11300000
오피러스,가솔린,1,1,0,240000,2010,2600000
쏘렌토,디젤,1,1,0,240000,2003,2400000
쏘렌토,디젤,1,0,0,240000,2004,1500000
카니발,디젤,1,0,0,240000,2011,5000000
카니발,디젤,1,0,0,240000,2007,10000000
알페온,가솔린+전기,1,1,0,240000,2012,3390000
라세티,가솔린,1,0,0,240000,2009,1600000
봉고차,전기,1,0,0,390,2021,29800000
코나,가솔린,1,1,0,392,2021,35990000
테라칸,디젤,1,0,0,250000,2005,8800000
제네시스,가솔린,1,1,0,250000,2008,4300000
아반떼,디젤,1,0,0,250000,2006,2200000
싼타페,디젤,1,0,0,250000,2004,1500000
코란도,디젤,1,1,0,250000,2012,5990000
체어맨,가솔린,1,1,0,250000,2013,5900000
sm7,가솔린,1,1,0,250000,2009,1900000
카니발,디젤,1,1,0,250000,2015,9900000
k9,가솔린,0,0,0,250000,2012,10500000
k5,LPG,1,1,1,250000,2013,5200000
포터,디젤,0,1,0,260000,2012,6200000
베라크루즈,디젤,1,1,0,260000,2007,5990000
스타렉스,디젤,0,1,0,260000,2012,18500000
스타렉스,디젤,1,1,0,260000,2009,4300000
렉스턴,디젤,1,0,0,260000,2007,3700000
qm5,디젤,1,1,0,260000,2008,1490000
코나,가솔린,1,1,0,397,2021,35990000
포터,디젤,0,0,0,270000,2009,3700000
포터,디젤,1,1,0,270000,2015,7200000
테라칸,디젤,1,1,0,270000,2004,3300000
제네시스,가솔린,1,0,0,270000,2014,18300000
엑센트,디젤,1,1,0,270000,2011,2900000
스타렉스,디젤,1,1,0,270000,2011,6900000
체어맨,가솔린,1,0,0,270000,2010,5000000
오피러스,가솔린,1,1,0,270000,2009,2400000
포터,디젤,0,1,0,280000,2009,5990000
에쿠스,가솔린,1,1,0,280000,2010,5300000
제네시스,가솔린,1,0,0,280000,2016,23490000
코란도,디젤,1,1,0,280000,2016,8900000
아반떼,가솔린,1,0,0,290000,2000,900000
에쿠스,가솔린,1,0,0,290000,2010,5900000
그랜저,LPG,1,0,0,290000,2018,11600000
그랜저,LPG,1,0,0,290000,2011,5500000
그랜저,LPG,1,0,0,290000,2012,4900000
스타렉스,디젤,1,1,0,290000,2009,4100000
카니발,디젤,0,1,0,290000,2008,4300000
캠핑카,디젤,1,0,0,290000,2005,42000000
포터,디젤,1,1,0,20000,2021,23990000
포니,가솔린,1,0,0,20000,1989,11110000
팰리세이드,디젤,1,1,0,20000,2020,38800000
투싼,디젤,1,1,0,20000,2018,20900000
투싼,디젤,1,1,0,20000,2015,18300000
아반떼,가솔린,1,1,0,20000,2016,7500000
아반떼,가솔린,1,1,1,20000,2018,13300000
쏘나타,가솔린,1,1,0,20000,2019,16000000
쏘나타,디젤,1,1,0,20000,2018,18500000
쏘나타,LPG,1,1,0,20000,2019,12990000
쏘나타,LPG,1,1,0,20000,2019,21500000
쏘나타,가솔린,1,1,0,20000,2019,19300000
싼타페,가솔린,1,0,0,20000,2019,27500000
싼타페,디젤,1,0,0,20000,2019,30500000
벨로스터N,가솔린,0,0,0,20000,2018,21500000
벨로스터N,가솔린,0,0,0,20000,2019,25900000
베뉴,가솔린,1,1,0,20000,2019,16990000
투싼,가솔린,1,1,0,20000,2021,32990000
아반떼,가솔린,1,1,0,20000,2018,12500000
아반떼,가솔린,1,1,0,20000,2019,16990000
그랜저,가솔린+전기,1,1,0,20000,2020,39800000
그랜저,가솔린+전기,1,1,0,20000,2020,33700000
그랜저,가솔린,1,1,0,20000,2020,26000000
그랜저,가솔린,1,1,0,20000,2020,33690000
스타렉스,디젤,0,0,0,20000,2019,32500000
스타렉스,디젤,1,1,0,20000,2018,24400000
스타렉스,디젤,1,1,0,20000,2019,16800000
그랜저,가솔린,0,1,1,20000,2017,22000000
그랜저,가솔린,0,1,1,20000,2012,14500000
그랜저,가솔린,1,1,0,20000,2014,16300000
캠핑카,디젤,1,0,0,20000,2009,69900000
제네시스,가솔린,1,1,0,20000,2021,52000000
제네시스,가솔린,1,1,0,20000,2021,84900000
제네시스,디젤,1,1,0,20000,2020,66900000
제네시스,가솔린,1,1,0,20000,2020,59900000
제네시스,가솔린,0,0,0,20000,2020,6870000
제네시스,가솔린,1,0,0,20000,2021,61200000
제네시스,가솔린,1,0,0,20000,2021,52000000
제네시스,가솔린,1,1,0,20000,2018,40900000
제네시스,가솔린,1,1,0,20000,2020,39800000
제네시스,가솔린,1,0,0,20000,2016,37500000
캠핑카,디젤,0,1,0,20000,2017,58500000
티볼리,가솔린,1,1,0,20000,2018,16900000
코란도,디젤,1,1,0,20000,2015,9990000
렉스턴,디젤,1,1,0,20000,2021,31990000
코란도,디젤,0,1,1,20000,2019,18200000
코란도,디젤,1,1,0,20000,2019,20900000
티볼리,가솔린,1,0,0,20000,2019,18900000
렉스턴,디젤,1,1,0,20000,2019,29800000
렉스턴,디젤,1,0,0,20000,2020,32500000
렉스턴,디젤,1,1,1,20000,2018,21990000
트레일블레이저,가솔린,1,1,0,20000,2020,24800000
콜로라도,가솔린,1,1,0,20000,2020,34990000
올란도,디젤,1,0,0,20000,2013,5400000
스파크,가솔린,1,1,0,20000,2014,2100000
스파크,가솔린,1,1,0,20000,2014,2500000
볼트,전기,1,1,0,20000,2019,27800000
스파크,가솔린,1,0,0,20000,2020,11000000
스파크,가솔린,1,1,0,20000,2020,8600000
스파크,가솔린,1,1,0,20000,2020,11600000
스파크,가솔린,1,1,0,20000,2017,5500000
스파크,가솔린,1,0,0,20000,2018,4000000
스파크,가솔린,1,0,0,20000,2016,4100000
스파크,가솔린,1,1,0,20000,2018,7200000
캠핑카,디젤,0,1,0,20000,2019,45900000
클리오,디젤,1,1,0,20000,2018,15500000
qm6,가솔린,0,0,0,20000,2019,26900000
xm3,가솔린,1,1,0,20000,2020,18800000
xm3,가솔린,1,1,0,20000,2020,12990000
qm6,가솔린,1,1,0,20000,2019,22300000
쏘렌토,디젤,1,0,0,20000,2017,27000000
모닝,가솔린,1,1,0,20000,2017,10800000
모닝,가솔린,0,1,0,20000,2018,8300000
모닝,가솔린,1,1,0,20000,2017,7500000
모닝,가솔린,1,1,0,20000,2017,10990000
모닝,가솔린,1,1,0,20000,2012,7500000
모닝,가솔린,1,1,0,20000,2014,3500000
모닝,가솔린,1,1,0,20000,2011,3990000
모닝,가솔린,1,0,0,20000,2019,11000000
k3,가솔린,0,0,0,20000,2018,15900000
쏘렌토,디젤,1,1,0,20000,2021,38900000
쏘렌토,디젤,1,0,0,20000,2020,37490000
쏘렌토,디젤,1,0,0,20000,2020,37500000
셀토스,가솔린,0,0,0,20000,2020,19900000
셀토스,가솔린,1,1,0,20000,2019,23990000
셀토스,디젤,1,1,0,20000,2020,20700000
봉고차,디젤,0,0,1,20000,2021,22000000
봉고차,디젤,1,1,0,20000,2010,8300000
모하비,디젤,1,1,0,20000,2021,49500000
모하비,디젤,1,1,0,20000,2020,46900000
모닝,가솔린,1,0,0,20000,2020,12500000
모닝,가솔린,1,1,0,20000,2022,13300000
레이,가솔린,1,1,0,20000,2016,6500000
카니발,가솔린,1,1,0,20000,2019,42700000
카니발,가솔린,0,0,0,20000,2019,42900000
카니발,디젤,1,1,0,20000,2019,27400000
카니발,디젤,1,1,0,20000,2018,32700000
카니발,디젤,1,1,0,20000,2018,25590000
쏘렌토,디젤,1,1,0,20000,2018,25900000
봉고차,LPG,1,1,0,20000,2019,14000000
모닝,가솔린,1,1,0,20000,2015,4500000
레이,가솔린,1,1,0,20000,2018,8600000
레이,가솔린,1,1,0,20000,2018,11990000
레이,가솔린,1,1,0,20000,2018,14300000
k5,가솔린,1,1,0,20000,2018,15990000
k5,가솔린,1,1,0,20000,2019,16990000
k5,디젤,1,1,0,20000,2019,16700000
k9,가솔린,1,1,0,20000,2019,37000000
k9,가솔린,1,1,0,20000,2018,41200000
k7,가솔린,1,0,0,20000,2019,26000000
k5,가솔린,1,0,0,20000,2021,14000000
k5,가솔린,1,0,0,20000,2020,32000000
k5,가솔린,1,1,0,20000,2020,26800000
k5,가솔린,1,1,0,20000,2020,27500000
캠핑카,디젤,0,1,0,20000,2015,59500000
라보,LPG,0,0,0,20000,2017,6500000
다마스,LPG,1,1,0,20000,2020,7300000
다마스,LPG,1,0,0,20000,2016,5400000
포터,전기,1,0,0,2000,2021,27000000
팰리세이드,가솔린,0,0,0,2000,2022,55000000
캐스퍼,가솔린,1,1,0,2000,2021,20800000
아반떼N,가솔린,1,1,0,2000,2021,32800000
카니발 리무진,가솔린,0,0,0,2000,2021,79500000
카니발 리무진,가솔린,1,1,0,2000,2021,81800000
트레일블레이저,가솔린,1,1,0,2000,2020,20700000
카마로,가솔린,0,0,0,2000,2021,47500000
캠핑카,디젤,0,0,0,2000,2020,65000000
셀토스,가솔린,1,1,0,2000,2019,18900000
캠핑카,디젤,0,0,0,2000,2019,48800000
라보,LPG,1,0,0,2000,2020,9800000
포터,디젤,0,1,0,300000,2010,5770000
아반떼,가솔린,1,0,0,300000,1997,1000000
카운티,디젤,1,0,0,300000,2007,8300000
체어맨,가솔린,1,0,0,300000,2008,2800000
오피러스,가솔린,1,0,0,300000,2010,2100000
오피러스,LPG,1,0,0,300000,2007,2300000
싼타페,디젤,1,0,0,310000,2008,4500000
에쿠스,가솔린,1,0,0,310000,2011,5500000
오피러스,LPG,0,1,0,310000,2010,3990000
포터,디젤,1,0,0,320000,2010,3200000
베라크루즈,디젤,1,0,0,320000,2007,3690000
스타렉스,디젤,1,0,0,320000,2011,5500000
마이티,디젤,1,0,0,320000,2011,22500000
마이티,디젤,1,0,0,320000,2011,22500000
포터,디젤,1,1,0,330000,2015,8900000
쏘나타,LPG,1,1,0,330000,2014,4900000
임팔라,가솔린,0,0,1,330000,2015,8700000
카니발,디젤,1,1,0,330000,2011,2600000
투싼,디젤,1,1,1,340000,2009,5790000
에쿠스,가솔린,1,0,0,340000,2009,4990000
그랜저,LPG,1,0,0,340000,2017,9900000
마이티,디젤,1,0,0,340000,2011,19800000
마이티,디젤,1,0,0,340000,2011,19800000
프레지오,디젤,1,0,0,340000,2001,3990000
캠핑카,가솔린,0,0,0,340000,2012,47000000
포터,디젤,1,1,0,350000,2013,6200000
스타렉스,디젤,0,1,0,350000,2010,4950000
캠핑카,디젤,0,0,0,350000,2009,37000000
올란도,디젤,1,0,0,350000,2013,3000000
k9,가솔린/LPG겸용,1,0,0,350000,2013,10900000
그랜저,LPG,1,0,0,360000,2017,12500000
오피러스,LPG,1,0,0,360000,2011,5500000
카니발,디젤,1,0,0,360000,2008,3000000
트위지,전기,1,0,0,607,2021,4980000
캠핑카,디젤,0,0,0,380000,2008,49000000
카니발 리무진,디젤,1,0,0,70,2021,88400000
카니발 리무진,디젤,0,0,0,7,2021,83600000
카니발,디젤,0,0,0,7,2021,82000000
봉고차,디젤,1,0,0,390000,2014,7200000
포터,디젤,1,1,0,30000,2010,7500000
포터,디젤,1,1,0,30000,2015,11900000
포터,디젤,1,1,0,30000,2020,17900000
포터,디젤,1,1,0,30000,2007,5700000
포터,디젤,1,1,0,30000,2014,12900000
포터,디젤,1,1,0,30000,2019,16500000
팰리세이드,가솔린,1,1,0,30000,2019,39300000
팰리세이드,가솔린,1,1,0,30000,2020,44690000
팰리세이드,디젤,1,0,0,30000,2019,38500000
팰리세이드,디젤,0,0,0,30000,2019,48500000
팰리세이드,디젤,1,1,0,30000,2019,35300000
팰리세이드,디젤,1,1,0,30000,2020,39000000
코나,전기,1,0,0,30000,2021,32000000
코나,가솔린,1,1,0,30000,2019,16500000
아반떼,가솔린,1,1,0,30000,2020,26800000
아반떼,가솔린,1,1,0,30000,2020,19990000
아반떼,가솔린,1,1,0,30000,2011,7200000
아반떼,가솔린,1,1,0,30000,2011,7200000
아반떼,가솔린,1,1,0,30000,2016,9000000
아반떼,LPG,1,1,0,30000,2016,11800000
아반떼,가솔린,1,1,0,30000,2018,9500000
아반떼,가솔린,1,1,0,30000,2017,11100000
쏘나타,가솔린+전기,1,1,0,30000,2019,30900000
쏘나타,가솔린,1,1,0,30000,2018,13990000
쏘나타,LPG,1,1,0,30000,2019,19300000
쏘나타,가솔린,1,1,0,30000,2019,19990000
싼타페,디젤,1,1,0,30000,2018,24200000
싼타페,디젤,1,1,0,30000,2018,24500000
싼타페,가솔린,1,0,0,30000,2019,26900000
그랜저,가솔린+전기,1,1,0,30000,2020,39900000
그랜저,가솔린,1,1,0,30000,2020,32990000
스타렉스,디젤,1,1,0,30000,2018,20900000
스타렉스,디젤,1,1,0,30000,2018,20800000
카운티,디젤,0,1,0,30000,2018,59800000
에쿠스,가솔린,0,0,0,30000,2010,20500000
그랜저,가솔린,1,1,0,30000,2019,16990000
그랜저,LPG,1,1,0,30000,2019,26300000
그랜저,가솔린,1,1,0,30000,2019,26900000
그랜저,가솔린,1,1,0,30000,2011,10500000
스타렉스,디젤,1,1,1,30000,2016,31900000
스타렉스,디젤,0,0,0,30000,2009,4900000
쏘나타,가솔린,1,1,0,30000,2015,15800000
쏘나타,가솔린,1,1,0,30000,2014,6800000
제네시스,가솔린,1,1,0,30000,2020,55900000
제네시스,가솔린,1,1,0,30000,2020,58800000
제네시스,가솔린,1,1,0,30000,2020,56900000
제네시스,디젤,1,0,0,30000,2021,4500000
제네시스,가솔린,1,1,0,30000,2020,68900000
제네시스,가솔린,1,1,0,30000,2020,68900000
제네시스,가솔린,1,1,0,30000,2020,70300000
제네시스,가솔린,0,0,1,30000,2019,95000000
제네시스,가솔린,0,0,0,30000,2019,53500000
제네시스,가솔린,1,0,0,30000,2019,3500000
제네시스,가솔린,1,1,0,30000,2018,33900000
제네시스,가솔린,1,1,0,30000,2018,34000000
제네시스,가솔린,1,1,0,30000,2017,38900000
제네시스,가솔린,1,0,0,30000,2018,33000000
제네시스,가솔린,0,1,0,30000,2017,38800000
제네시스,가솔린,1,1,0,30000,2019,32200000
제네시스,가솔린,1,1,0,30000,2017,40200000
카니발 리무진,디젤,0,0,0,30000,2020,54500000
티볼리,디젤,1,1,0,30000,2017,12400000
티볼리,가솔린,1,1,0,30000,2018,17700000
티볼리,가솔린,1,1,0,30000,2018,17700000
티볼리,디젤,1,1,0,30000,2016,8400000
티볼리,가솔린,1,1,0,30000,2015,13500000
티볼리,가솔린,1,1,0,30000,2015,7900000
코란도,가솔린,1,1,0,30000,2019,16990000
렉스턴,디젤,1,0,0,30000,2019,27200000
렉스턴,디젤,1,1,0,30000,2020,29200000
트랙스,가솔린,0,1,0,30000,2015,10900000
크루즈,가솔린,1,1,0,30000,2013,6200000
카마로,가솔린,0,1,1,30000,2017,44300000
말리부,가솔린,1,1,0,30000,2016,15990000
스파크,가솔린,0,0,0,30000,2013,4300000
스파크,가솔린,1,1,0,30000,2012,4600000
스파크,가솔린,1,1,0,30000,2019,6800000
스파크,가솔린,1,1,0,30000,2015,5600000
스파크,가솔린,1,1,0,30000,2017,8600000
sm5,가솔린,1,0,0,30000,2014,3900000
sm3,가솔린,1,0,0,30000,2012,2500000
sm6,LPG,1,1,0,30000,2019,17900000
카니발,디젤,0,0,0,30000,2020,43000000
모닝,가솔린,1,1,0,30000,2017,6200000
모닝,가솔린,1,1,0,30000,2018,8990000
k7,가솔린,1,1,0,30000,2018,21800000
k3,가솔린,1,1,0,30000,2018,13990000
k3,가솔린,0,1,0,30000,2019,20500000
k3,가솔린,1,1,0,30000,2019,16900000
k3,가솔린,1,1,0,30000,2018,15100000
스포티지,디젤,1,0,0,30000,2018,16900000
스팅어,가솔린,1,1,0,30000,2018,32500000
스팅어,디젤,1,1,0,30000,2019,29500000
스팅어,가솔린,1,1,0,30000,2018,30900000
셀토스,가솔린,1,1,0,30000,2020,20490000
셀토스,가솔린,1,1,0,30000,2020,24500000
셀토스,디젤,1,1,0,30000,2019,22700000
봉고차,디젤,1,1,0,30000,2017,15900000
봉고차,디젤,0,1,0,30000,2007,15900000
모하비,디젤,1,0,0,30000,2020,46900000
모하비,디젤,1,1,0,30000,2020,44900000
모하비,디젤,1,1,0,30000,2020,48990000
모하비,디젤,1,1,0,30000,2019,45000000
모하비,디젤,0,0,0,30000,2020,45900000
모하비,디젤,1,1,0,30000,2014,20990000
레이,가솔린,1,1,0,30000,2016,9800000
카니발,가솔린,1,0,0,30000,2020,54000000
카니발,가솔린,1,1,0,30000,2018,40990000
카니발,디젤,1,1,0,30000,2019,34500000
카니발,디젤,1,1,0,30000,2018,44900000
카니발,디젤,1,1,0,30000,2018,33900000
카니발,디젤,1,1,0,30000,2019,29400000
쏘렌토,디젤,0,0,0,30000,2018,31000000
스포티지,디젤,0,1,1,30000,2014,15300000
모하비,디젤,1,1,0,30000,2017,28200000
모닝,가솔린,1,1,0,30000,2015,4300000
레이,가솔린,1,1,0,30000,2018,13200000
k9,가솔린,1,1,0,30000,2020,40900000
k7,가솔린,1,1,0,30000,2019,31500000
k5,가솔린+전기,1,1,0,30000,2020,29900000
k5,가솔린,1,1,0,30000,2020,24990000
다마스,LPG,1,1,0,30000,2017,7300000
아반떼,가솔린+전기,1,1,0,3000,2020,27900000
아반떼,가솔린,1,0,0,3000,2019,17500000
제네시스,가솔린,1,1,0,3000,2021,38000000
트위지,전기,1,0,0,3000,2019,4200000
카운티,디젤,1,0,0,400000,2013,14900000
체어맨,가솔린,1,0,0,400000,2012,5800000
캠핑카,디젤,0,0,0,420000,2008,35000000
sm5,LPG,1,0,0,480000,2007,1800000
포터,디젤,1,1,0,40000,2017,11500000
포터,디젤,1,1,0,40000,2011,13770000
포터,디젤,0,1,0,40000,2018,14800000
포터,디젤,1,1,0,40000,2013,12900000
팰리세이드,디젤,1,1,0,40000,2020,38900000
팰리세이드,디젤,1,0,0,40000,2019,28500000
팰리세이드,디젤,1,1,0,40000,2019,34300000
투싼,디젤,1,0,0,40000,2016,14000000
투싼,디젤,1,1,0,40000,2018,23200000
아반떼,가솔린,1,1,0,40000,2016,9490000
아반떼,가솔린,1,1,0,40000,2018,12390000
쏘나타,LPG,1,1,0,40000,2018,10700000
쏘나타,가솔린,1,1,0,40000,2019,23700000
쏘나타,가솔린,1,1,0,40000,2014,12890000
싼타페,디젤,1,1,1,40000,2018,28970000
싼타페,가솔린,1,1,1,40000,2019,28690000
싼타페,디젤,1,1,0,40000,2013,14500000
싼타페,디젤,1,1,0,40000,2015,18800000
벨로스터N,가솔린,0,0,0,40000,2019,21000000
벨로스터,가솔린,1,1,0,40000,2018,20990000
투싼,디젤,1,1,0,40000,2021,29990000
아반떼,가솔린,1,1,0,40000,2018,14200000
아반떼,가솔린,1,1,0,40000,2018,14500000
아반떼,가솔린,1,1,0,40000,2014,7300000
스타렉스,디젤,1,1,0,40000,2018,19600000
i40,디젤,1,1,0,40000,2016,16500000
i40,가솔린,0,0,0,40000,2015,15000000
투싼,디젤,1,1,0,40000,2014,11300000
카운티,디젤,0,0,0,40000,2020,69800000
에쿠스,가솔린,1,1,0,40000,2013,23600000
i30,가솔린,1,1,0,40000,2012,7500000
그랜저,가솔린,0,0,0,40000,2018,15500000
그랜저,가솔린+전기,1,1,0,40000,2018,21900000
그랜저,LPG,1,1,0,40000,2018,23500000
그랜저,가솔린,1,1,0,40000,2018,20300000
스타렉스,디젤,0,0,0,40000,2014,28000000
스타렉스,디젤,1,0,0,40000,2014,22000000
쏘나타,가솔린,1,1,0,40000,2009,5990000
쏘나타,LPG,1,1,0,40000,2015,11500000
쏘나타,가솔린,1,1,0,40000,2014,9500000
i40,가솔린,1,0,0,40000,2013,13000000
i30,가솔린,1,1,0,40000,2011,3500000
캠핑카,디젤,0,0,0,40000,2019,55000000
제네시스,가솔린,1,1,0,40000,2020,54500000
제네시스,가솔린,0,0,0,40000,2020,8000000
제네시스,디젤,1,1,0,40000,2020,62500000
제네시스,가솔린,0,0,0,40000,2019,64000000
제네시스,가솔린,1,1,0,40000,2017,27990000
제네시스,가솔린,1,1,0,40000,2018,33500000
제네시스,가솔린,0,0,0,40000,2019,42500000
제네시스,가솔린,1,1,0,40000,2019,36990000
제네시스,가솔린,1,1,0,40000,2017,52990000
제네시스,가솔린,0,0,0,40000,2017,36000000
제네시스,가솔린,1,1,0,40000,2018,51900000
제네시스,가솔린,1,0,0,40000,2018,39800000
제네시스,가솔린,1,1,0,40000,2018,41900000
제네시스,가솔린,1,1,0,40000,2017,40900000
캠핑카,디젤,0,1,0,40000,2018,36500000
티볼리,디젤,1,1,0,40000,2016,12990000
티볼리,디젤,1,1,0,40000,2016,13400000
티볼리,가솔린,0,1,0,40000,2017,10000000
티볼리,가솔린,1,1,0,40000,2016,11200000
티볼리,가솔린,1,1,0,40000,2017,7900000
렉스턴,디젤,1,1,0,40000,2019,25900000
렉스턴,디젤,1,1,0,40000,2018,24300000
체어맨,가솔린,0,0,1,40000,2003,2800000
트랙스,디젤,1,1,0,40000,2016,6900000
임팔라,가솔린,1,1,0,40000,2019,22900000
임팔라,가솔린,0,1,0,40000,2015,14950000
말리부,가솔린,0,0,0,40000,2016,16900000
말리부,가솔린,1,1,0,40000,2017,16500000
스파크,가솔린,1,1,0,40000,2014,3700000
트랙스,디젤,1,1,0,40000,2019,12800000
트랙스,가솔린,1,1,0,40000,2016,11500000
스파크,가솔린,1,1,0,40000,2016,6900000
스파크,가솔린,1,1,0,40000,2015,4200000
스파크,가솔린,1,1,0,40000,2015,5700000
캠핑카,디젤,0,0,0,40000,2018,39900000
qm6,가솔린,1,1,0,40000,2019,24900000
sm3,가솔린,1,1,0,40000,2011,6500000
sm3,가솔린,1,0,0,40000,2012,2200000
sm3,가솔린,1,0,0,40000,2012,2400000
sm6,가솔린,1,1,0,40000,2018,12590000
sm5,가솔린,1,1,0,40000,2015,8600000
qm6,디젤,1,1,0,40000,2017,18200000
qm6,디젤,1,1,0,40000,2016,15600000
qm6,가솔린,1,1,0,40000,2018,18500000
qm6,디젤,0,0,0,40000,2017,18500000
카니발,가솔린,1,0,0,40000,2016,37000000
카니발,디젤,1,1,0,40000,2016,36000000
카니발,디젤,1,1,0,40000,2017,27300000
카니발,디젤,0,0,0,40000,2014,16900000
쏘렌토,디젤,1,1,0,40000,2015,21000000
모닝,가솔린,1,1,0,40000,2014,8200000
k7,가솔린+전기,1,1,0,40000,2018,27990000
k7,가솔린,1,1,0,40000,2018,18600000
k7,LPG,1,1,0,40000,2018,15900000
k7,LPG,1,1,1,40000,2016,17290000
k7,가솔린,0,0,0,40000,2019,24900000
k7,가솔린,1,1,0,40000,2017,17100000
k3,가솔린,0,0,0,40000,2018,18500000
스포티지,디젤,1,1,0,40000,2018,19900000
스포티지,디젤,1,1,0,40000,2018,15990000
스포티지,디젤,1,1,0,40000,2018,18700000
스팅어,가솔린,1,1,0,40000,2017,27500000
스팅어,가솔린,1,1,0,40000,2017,26990000
스토닉,디젤,1,1,0,40000,2017,14500000
셀토스,가솔린,1,1,0,40000,2019,20600000
모하비,디젤,1,1,0,40000,2020,44200000
카렌스,LPG,1,1,0,40000,2016,13800000
카니발,가솔린,0,1,0,40000,2019,46000000
카니발,디젤,1,0,0,40000,2019,39500000
카니발,디젤,1,0,0,40000,2019,2000000
카니발,디젤,1,1,0,40000,2018,31500000
쏘울,가솔린,1,1,0,40000,2016,14300000
쏘렌토,디젤,1,1,0,40000,2017,22800000
스포티지,디젤,1,1,0,40000,2013,9500000
k5,LPG,1,1,0,40000,2019,13700000
k5,가솔린,1,1,0,40000,2018,17800000
k5,가솔린,1,1,0,40000,2018,23600000
k3,가솔린,0,1,0,40000,2017,11900000
k9,가솔린,0,0,0,40000,2018,55500000
니로,전기,1,0,0,40000,2021,33000000
모닝,가솔린,0,1,1,40000,2010,4100000
k7,가솔린,1,1,0,40000,2020,29990000
k7,가솔린,1,1,0,40000,2019,29890000
k5,디젤,1,1,0,40000,2015,10400000
k5,가솔린,1,1,0,40000,2020,25990000
k3,가솔린,1,1,1,40000,2015,9300000
k3,가솔린,1,1,0,40000,2012,8500000
마티즈,가솔린,1,1,0,40000,2011,3500000
다마스,LPG,1,0,0,40000,2016,4800000
다마스,LPG,1,0,0,40000,2018,5700000
팰리세이드,가솔린,1,1,0,4000,2021,41900000
아반떼,가솔린,1,1,0,4000,2021,24990000
벨로스터N,가솔린,1,1,0,4000,2021,32500000
제네시스,가솔린,1,0,0,4000,2021,3300000
제네시스,가솔린,1,0,0,4000,2021,8900000
트레일블레이저,가솔린,1,1,0,4000,2020,24990000
콜로라도,가솔린,0,0,0,4000,2020,41900000
레이,가솔린,1,1,0,4000,2021,16100000
레이,가솔린,1,1,0,4000,2021,16700000
k3,가솔린,1,1,0,4000,2021,17990000
k5,가솔린,1,0,0,4000,2021,27500000
k5,가솔린,0,0,0,4000,2021,23500000
모닝,가솔린,1,0,0,540000,2016,6800000
스타리아,디젤,0,0,0,83,2021,77050000
포터,디젤,1,1,0,50000,2011,7500000
포터,디젤,0,0,0,50000,2008,7000000
포터,디젤,0,1,0,50000,2009,5880000
포터,디젤,0,1,0,50000,2011,8200000
포터,디젤,0,1,0,50000,2009,6900000
포터,디젤,1,1,0,50000,2016,13900000
팰리세이드,가솔린,1,1,0,50000,2018,36500000
제네시스,가솔린,1,1,1,50000,2014,23500000
투싼,디젤,1,1,0,50000,2016,17300000
투싼,디젤,1,1,1,50000,2018,23900000
아반떼,가솔린,1,1,0,50000,2012,7200000
아반떼,가솔린,1,1,0,50000,2009,4700000
아반떼,가솔린,1,1,0,50000,2015,14500000
아반떼,가솔린,1,1,0,50000,2017,14990000
아반떼,가솔린,1,1,0,50000,2016,9500000
아반떼,가솔린,1,1,0,50000,2016,6900000
아반떼,가솔린,1,0,0,50000,2016,8800000
아반떼,가솔린,1,1,0,50000,2016,13700000
쏘나타,가솔린+전기,1,1,0,50000,2019,27500000
쏘나타,LPG,1,1,0,50000,2017,14390000
쏘나타,가솔린,1,1,0,50000,2017,13900000
쏘나타,가솔린,1,1,0,50000,2018,14600000
쏘나타,가솔린,1,1,0,50000,2020,21000000
쏘나타,LPG,1,1,0,50000,2019,16990000
싼타페,디젤,1,1,0,50000,2019,27700000
싼타페,디젤,1,1,0,50000,2019,27700000
싼타페,디젤,0,0,0,50000,2018,35300000
싼타페,디젤,1,1,0,50000,2018,30900000
싼타페,가솔린,0,0,0,50000,2019,34200000
싼타페,디젤,1,1,0,50000,2015,22790000
싼타페,디젤,1,1,0,50000,2017,20500000
벨로스터N,가솔린,1,1,0,50000,2019,25800000
베뉴,가솔린,1,1,0,50000,2019,14100000
아반떼,가솔린,1,1,0,50000,2019,12990000
아반떼,가솔린,1,1,0,50000,2014,7300000
아반떼,가솔린,0,1,0,50000,2015,8500000
아반떼,가솔린,1,1,0,50000,2014,7200000
스타렉스,디젤,1,1,0,50000,2018,16990000
스타렉스,디젤,1,0,0,50000,2019,23000000
제네시스,가솔린,1,1,0,50000,2016,20500000
에쿠스,가솔린,1,1,0,50000,2009,9900000
그랜저,가솔린,1,1,0,50000,2017,19990000
그랜저,가솔린+전기,1,1,0,50000,2017,29900000
그랜저,LPG,1,0,0,50000,2018,18600000
그랜저,가솔린,1,1,0,50000,2018,27900000
그랜저,가솔린,1,1,0,50000,2019,27900000
그랜저,가솔린,1,1,0,50000,2018,17400000
그랜저,가솔린,1,1,0,50000,2017,20300000
그랜저,가솔린,1,1,0,50000,2012,12400000
그랜저,가솔린,1,1,0,50000,2009,4900000
스타렉스,디젤,0,1,0,50000,2018,29500000
스타렉스,디젤,0,0,0,50000,2017,38000000
스타렉스,디젤,1,1,0,50000,2017,11900000
스타렉스,디젤,1,1,0,50000,2011,5690000
스타렉스,디젤,1,1,0,50000,2015,14000000
i40,가솔린,1,1,0,50000,2012,9990000
i30,가솔린,1,1,0,50000,2019,18300000
제네시스,가솔린,0,1,1,50000,2020,64900000
제네시스,가솔린,0,1,1,50000,2019,69900000
제네시스,가솔린,1,1,0,50000,2017,31500000
제네시스,가솔린,1,1,0,50000,2016,26900000
제네시스,가솔린,1,1,0,50000,2016,27700000
제네시스,가솔린,1,1,0,50000,2019,43000000
제네시스,가솔린,1,1,0,50000,2017,26500000
제네시스,가솔린,1,1,0,50000,2017,27900000
제네시스,가솔린,1,1,0,50000,2018,49990000
제네시스,가솔린,1,1,0,50000,2016,39900000
제네시스,가솔린,1,1,0,50000,2017,39500000
티볼리,디젤,1,1,0,50000,2016,10200000
티볼리,디젤,1,0,0,50000,2016,9600000
티볼리,디젤,1,1,0,50000,2018,15900000
티볼리,디젤,0,0,0,50000,2016,15000000
티볼리,가솔린,1,1,0,50000,2015,8900000
코란도,디젤,0,0,0,50000,1991,11500000
액티언,디젤,1,1,1,50000,2011,4500000
렉스턴,디젤,1,1,0,50000,2019,24700000
렉스턴,디젤,1,1,0,50000,2019,22900000
렉스턴,디젤,1,1,0,50000,2018,20900000
렉스턴,디젤,1,1,0,50000,2018,23500000
체어맨,가솔린,1,0,0,50000,2007,2890000
렉스턴,디젤,1,1,0,50000,2017,20700000
크루즈,가솔린,1,0,0,50000,2012,2400000
크루즈,가솔린,0,1,0,50000,2014,7300000
카마로,가솔린,0,0,0,50000,2016,29900000
임팔라,가솔린,1,1,0,50000,2019,22500000
말리부,가솔린,1,0,0,50000,2016,18000000
말리부,가솔린,1,1,0,50000,2018,18900000
말리부,가솔린,1,0,0,50000,2017,12500000
말리부,가솔린,1,0,0,50000,2017,11300000
스파크,가솔린,1,1,0,50000,2012,3900000
아베오,가솔린,0,1,1,50000,2016,6900000
스파크,가솔린,1,1,0,50000,2017,8500000
스파크,가솔린,1,0,0,50000,2017,5500000
스파크,가솔린,1,1,0,50000,2016,6100000
sm7,가솔린,1,1,0,50000,2015,10490000
sm6,가솔린,1,0,0,50000,2018,14500000
sm6,가솔린,1,1,0,50000,2016,11790000
sm6,가솔린,1,0,0,50000,2017,14500000
sm6,가솔린,1,1,0,50000,2017,11990000
sm6,디젤,1,1,0,50000,2017,14800000
qm6,가솔린,1,1,0,50000,2018,19750000
qm6,디젤,1,0,0,50000,2017,14800000
qm3,디젤,1,1,0,50000,2017,14000000
포텐샤,가솔린,0,0,0,50000,1994,9500000
카니발,디젤,1,0,0,50000,2015,38000000
카니발,디젤,1,1,0,50000,2015,21490000
카니발,디젤,1,1,0,50000,2016,21800000
카니발,디젤,1,1,0,50000,2017,25700000
카니발,디젤,0,1,0,50000,2015,16500000
카니발,디젤,0,1,1,50000,2017,27000000
카니발,디젤,1,1,0,50000,2017,23590000
카니발,디젤,0,0,0,50000,2017,27500000
쏘렌토,디젤,1,1,0,50000,2015,21500000
쏘렌토,디젤,1,1,0,50000,2016,18000000
쏘렌토,디젤,1,1,0,50000,2016,18000000
모닝,가솔린,1,0,0,50000,2017,6990000
모닝,가솔린,1,1,0,50000,2018,9200000
모닝,가솔린,1,1,0,50000,2012,2900000
모닝,가솔린,1,0,0,50000,2018,10700000
모닝,가솔린,1,1,1,50000,2017,7400000
k7,가솔린+전기,1,1,0,50000,2017,26800000
k7,가솔린,1,1,0,50000,2016,18290000
k7,가솔린,1,0,0,50000,2017,20000000
k3,가솔린,1,1,0,50000,2018,11800000
k3,가솔린,1,1,0,50000,2019,18400000
k3,가솔린,1,1,0,50000,2018,15800000
스포티지,디젤,1,1,0,50000,2011,9700000
스포티지,디젤,1,1,0,50000,2018,15990000
스포티지,디젤,1,1,0,50000,2017,15600000
스포티지,디젤,1,1,0,50000,2017,15990000
스팅어,디젤,0,0,0,50000,2017,31900000
스팅어,가솔린,1,1,0,50000,2017,26990000
봉고차,디젤,1,1,0,50000,2011,7000000
레이,가솔린,0,1,1,50000,2017,13900000
레이,가솔린,1,1,0,50000,2016,5900000
레이,가솔린,1,1,0,50000,2011,7600000
레이,가솔린,1,1,0,50000,2015,4900000
레이,가솔린,1,1,0,50000,2015,5200000
프라이드,가솔린,1,1,0,50000,2015,6990000
카니발,가솔린,1,1,0,50000,2018,37800000
카니발,디젤,1,1,0,50000,2019,40500000
카니발,디젤,1,0,0,50000,2019,21690000
카니발,디젤,1,1,0,50000,2018,24500000
카니발,디젤,0,0,0,50000,2019,22000000
쏘렌토,디젤,1,0,0,50000,2017,26500000
쏘렌토,디젤,1,1,0,50000,2019,24800000
스포티지,디젤,1,1,0,50000,2014,8200000
봉고차,LPG,1,1,0,50000,2019,13900000
봉고차,디젤,1,1,0,50000,2019,23500000
모하비,디젤,1,1,0,50000,2016,27900000
모닝,가솔린,1,1,0,50000,2015,6900000
모닝,가솔린,1,1,0,50000,2015,6900000
k7,가솔린,1,1,0,50000,2013,11700000
k7,가솔린,1,1,0,50000,2015,11500000
k5,가솔린,1,1,0,50000,2013,7300000
k5,LPG,1,1,0,50000,2015,7700000
k9,가솔린,1,1,0,50000,2020,40900000
k9,가솔린,1,1,0,50000,2018,39000000
k9,가솔린,1,1,0,50000,2018,47900000
니로,가솔린+전기,1,1,0,50000,2018,18390000
모닝,가솔린,1,1,0,50000,2009,2200000
모닝,가솔린,1,1,0,50000,2009,2700000
쏘렌토,디젤,1,0,0,50000,2008,1800000
k7,가솔린,1,1,0,50000,2019,29000000
k5,가솔린,1,1,0,50000,2018,13990000
k5,LPG,1,0,0,50000,2017,13500000
k5,가솔린,1,1,0,50000,2010,4200000
k3,가솔린,1,1,0,50000,2013,6400000
마티즈,가솔린,1,0,0,50000,2011,3200000
캠핑카,디젤,0,1,0,50000,2013,23000000
라보,LPG,1,1,0,50000,2012,3500000
다마스,LPG,1,1,0,50000,2019,5990000
제네시스,가솔린,1,1,0,80000,2013,10590000
코나,가솔린,1,1,0,5000,2017,17500000
아이오닉,전기,1,1,0,5000,2021,49500000
스타리아,디젤,0,1,0,5000,2021,45900000
코나,가솔린,1,1,0,5000,2021,20990000
제네시스,가솔린,1,0,0,5000,2021,83000000
캠핑카,디젤,0,0,0,5000,2020,59900000
콜로라도,가솔린,1,0,0,5000,2021,38300000
qm6,LPG,0,0,1,5000,2021,30500000
봉고차,디젤,0,0,1,5000,2020,21500000
레이,가솔린,1,1,0,5000,2020,16900000
카니발 리무진,가솔린,0,0,0,8,2021,82600000
카니발 리무진,가솔린,1,0,0,8,2021,85900000
에쿠스,가솔린,1,0,0,610000,2013,8500000
그랜저,LPG,1,0,0,620000,2013,3500000
포터,디젤,1,0,0,60000,2014,7900000
포터,디젤,1,1,0,60000,2014,12900000
포터,디젤,1,1,0,60000,2019,14300000
포터,디젤,1,1,0,60000,2012,7700000
포터,디젤,1,0,0,60000,2011,6500000
포터,디젤,1,1,0,60000,2016,13900000
포터,디젤,1,1,0,60000,2010,7200000
팰리세이드,디젤,1,0,0,60000,2019,42000000
팰리세이드,디젤,1,1,0,60000,2019,32990000
코나,전기,1,0,0,60000,2019,29000000
제네시스 쿠페,가솔린,1,0,0,60000,2010,27500000
제네시스,가솔린,1,0,0,60000,2011,15000000
투싼,디젤,1,1,0,60000,2015,15990000
엑센트,가솔린,1,1,0,60000,2013,6800000
아슬란,가솔린,1,1,0,60000,2015,15900000
아반떼,가솔린,0,0,0,60000,2013,7900000
아반떼,가솔린,1,1,0,60000,2011,6790000
아반떼,가솔린,1,1,0,60000,2017,6900000
아반떼,디젤,1,1,0,60000,2016,9100000
쏘나타,LPG,1,1,0,60000,2018,12700000
쏘나타,가솔린,1,1,0,60000,2019,16900000
싼타페,디젤,1,1,0,60000,2018,22800000
싼타페,디젤,1,0,0,60000,2015,18200000
싼타페,디젤,1,1,1,60000,2016,21900000
벨로스터,가솔린,1,1,0,60000,2011,7700000
그랜저,가솔린,1,1,0,60000,2020,29990000
카운티,디젤,1,1,0,60000,2014,25900000
에쿠스,가솔린,1,1,0,60000,2014,26800000
그랜저,가솔린+전기,0,0,0,60000,2017,31500000
그랜저,가솔린,1,1,0,60000,2018,20500000
그랜저,LPG,1,0,0,60000,2019,27000000
그랜저,LPG,1,1,0,60000,2017,22500000
그랜저,가솔린,1,1,0,60000,2017,18300000
그랜저,가솔린,1,1,0,60000,2016,19100000
그랜저,가솔린,1,1,0,60000,2017,18800000
그랜저,가솔린,1,1,0,60000,2016,15800000
스타렉스,디젤,1,1,1,60000,2011,23400000
스타렉스,디젤,1,0,0,60000,2010,4400000
스타렉스,디젤,0,1,0,60000,2012,9900000
쏘나타,LPG,1,1,0,60000,2010,4700000
쏘나타,LPG,1,1,0,60000,2014,11500000
i40,디젤,1,1,0,60000,2013,13300000
i30,가솔린,0,0,0,60000,2019,21900000
i30,가솔린,1,1,0,60000,2017,14700000
i30,가솔린,1,1,0,60000,2009,4190000
캠핑카,디젤,0,0,1,60000,2004,34900000
제네시스,가솔린,1,0,0,60000,2020,48700000
제네시스,가솔린,1,1,0,60000,2017,30900000
제네시스,가솔린,1,1,0,60000,2016,29900000
제네시스,가솔린,1,0,0,60000,2016,33000000
제네시스,가솔린,1,1,0,60000,2016,31800000
제네시스,가솔린,1,1,0,60000,2016,26600000
제네시스,가솔린,1,1,0,60000,2016,36990000
제네시스,가솔린,1,0,0,60000,2016,34000000
제네시스,가솔린,1,1,0,60000,2017,49900000
카니발 리무진,가솔린,1,0,0,60000,2019,45000000
티볼리,디젤,1,1,0,60000,2018,15800000
티볼리,디젤,1,1,0,60000,2015,9700000
티볼리,가솔린,1,1,0,60000,2016,12900000
티볼리,가솔린,1,1,0,60000,2017,9900000
코란도,디젤,1,1,0,60000,2013,9500000
코란도,디젤,1,1,0,60000,2013,11400000
코란도,디젤,1,0,0,60000,2014,6500000
코란도,디젤,0,0,0,60000,2011,6000000
코란도,디젤,1,1,0,60000,2014,7400000
캡티바,디젤,1,1,0,60000,2012,8490000
캡티바,디젤,1,1,0,60000,2015,11600000
캡티바,디젤,1,1,0,60000,2012,9900000
카마로,가솔린,1,1,0,60000,2016,28500000
카마로,가솔린,0,0,0,60000,2016,28900000
카마로,가솔린,0,0,0,60000,2016,29900000
임팔라,가솔린,1,1,0,60000,2019,21900000
크루즈,가솔린,1,1,0,60000,2018,9790000
말리부,가솔린,0,0,0,60000,2017,16900000
말리부,가솔린,1,1,0,60000,2016,13800000
말리부,가솔린,1,1,0,60000,2016,13800000
말리부,가솔린,1,1,0,60000,2018,12490000
크루즈,가솔린,1,1,0,60000,2016,6990000
스파크,LPG,0,0,0,60000,2014,4000000
스파크,가솔린,1,1,0,60000,2011,4800000
스파크,가솔린,1,1,0,60000,2015,5000000
말리부,가솔린,1,1,0,60000,2014,8500000
스파크,가솔린,1,1,0,60000,2016,4290000
스파크,가솔린,1,1,0,60000,2016,5200000
캠핑카,디젤,0,1,0,60000,2009,24500000
sm7,LPG,0,1,1,60000,2019,16800000
sm6,가솔린,1,1,0,60000,2016,13600000
sm6,가솔린,1,1,0,60000,2016,12500000
카니발,디젤,1,1,0,60000,2014,26900000
카니발,디젤,1,0,0,60000,2015,31000000
카니발,디젤,1,1,0,60000,2018,17800000
카니발,디젤,1,1,0,60000,2016,18490000
카니발,디젤,1,1,0,60000,2017,23900000
카니발,디젤,1,1,0,60000,2016,24700000
카니발,디젤,1,0,0,60000,2016,32500000
카니발,디젤,1,1,1,60000,2017,33500000
쏘렌토,디젤,0,0,0,60000,2017,22000000
쏘렌토,디젤,1,0,0,60000,2015,18000000
모닝,가솔린,1,1,0,60000,2011,3500000
모닝,가솔린,1,1,0,60000,2011,2900000
모닝,가솔린,1,0,0,60000,2011,7000000
모닝,가솔린,1,1,0,60000,2018,8700000
k7,가솔린+전기,1,1,0,60000,2018,28990000
k7,가솔린+전기,1,1,0,60000,2019,22900000
k7,가솔린+전기,1,1,0,60000,2017,25800000
k7,가솔린,1,1,0,60000,2016,21500000
k7,LPG,1,1,0,60000,2017,13990000
k7,LPG,1,1,0,60000,2016,19900000
k7,LPG,1,1,0,60000,2018,20990000
k7,가솔린,1,1,0,60000,2017,17990000
k7,가솔린,0,1,0,60000,2017,17950000
k7,가솔린,0,0,0,60000,2017,22600000
k7,LPG,1,1,1,60000,2016,22500000
k3,가솔린,0,1,0,60000,2019,15250000
쏘울,디젤,0,1,0,60000,2013,8300000
쏘울,가솔린,1,0,0,60000,2011,3500000
스포티지,디젤,1,1,0,60000,2012,6500000
스포티지,디젤,0,0,0,60000,2017,23300000
스포티지,디젤,0,1,1,60000,2016,17200000
스포티지,디젤,1,1,0,60000,2017,12990000
스포티지,디젤,1,1,0,60000,2016,15900000
스포티지,디젤,1,1,0,60000,2016,15990000
스포티지,디젤,1,1,0,60000,2016,14990000
스팅어,가솔린,1,0,0,60000,2018,28800000
스팅어,가솔린,1,0,0,60000,2017,35000000
스팅어,디젤,1,1,0,60000,2017,23500000
스팅어,가솔린,1,1,0,60000,2017,30100000
스토닉,디젤,1,1,0,60000,2018,13500000
봉고차,디젤,1,0,0,60000,2012,13000000
봉고차,디젤,1,1,0,60000,2014,18900000
봉고차,디젤,1,1,0,60000,2012,7600000
모하비,디젤,1,1,0,60000,2020,39900000
레이,가솔린,1,1,0,60000,2015,6200000
레이,가솔린,1,1,0,60000,2016,8300000
레이,가솔린,1,1,0,60000,2014,5900000
레이,가솔린,1,1,0,60000,2012,6300000
레이,가솔린,1,1,0,60000,2018,9200000
카니발,디젤,1,1,0,60000,2018,36300000
카니발,디젤,1,1,0,60000,2018,17900000
카니발,디젤,1,1,0,60000,2019,24300000
카니발,디젤,1,1,0,60000,2018,22000000
카니발,디젤,1,0,0,60000,2019,45500000
쏘렌토,디젤,1,0,0,60000,2017,27400000
쏘렌토,디젤,1,1,0,60000,2018,21990000
쏘렌토,디젤,1,1,0,60000,2018,20700000
모하비,디젤,1,1,0,60000,2017,29100000
모닝,가솔린,1,1,0,60000,2016,3990000
레이,가솔린,1,1,0,60000,2018,8200000
레이,가솔린,1,1,0,60000,2019,11300000
k7,가솔린,1,1,0,60000,2015,11400000
k7,가솔린,1,1,0,60000,2015,10700000
k3,가솔린,1,1,0,60000,2016,10900000
k9,가솔린,1,1,0,60000,2018,33500000
k9,가솔린/LPG겸용,0,0,0,60000,2019,46700000
k9,가솔린,1,1,0,60000,2018,39900000
k9,가솔린,1,1,0,60000,2019,46000000
모닝,가솔린,1,1,0,60000,2008,1890000
모닝,가솔린,1,1,0,60000,2009,2900000
스포티지,디젤,1,0,0,60000,2007,3300000
k7,가솔린,1,1,0,60000,2019,30500000
k5,LPG,1,0,0,60000,2017,9500000
k5,디젤,1,0,0,60000,2016,13000000
k5,가솔린,1,1,0,60000,2011,4100000
k5,LPG,1,1,0,60000,2011,4400000
k3,가솔린,1,1,0,60000,2013,5500000
카니발,디젤,0,1,1,60000,2017,37900000
포터,디젤,1,1,0,6000,2019,20900000
아이오닉,전기,1,1,0,6000,2021,49700000
아반떼,가솔린,1,1,0,6000,2017,16300000
쏘나타,가솔린+전기,1,1,1,6000,2021,31500000
쏘나타,가솔린,1,1,0,6000,2021,30400000
베뉴,가솔린,1,1,0,6000,2020,16700000
그랜저,가솔린,1,0,0,6000,2021,40000000
제네시스,디젤,1,0,0,6000,2021,46000000
제네시스,가솔린,0,0,0,6000,2019,43900000
티볼리,가솔린,1,1,0,6000,2021,15990000
카마로,가솔린,0,0,0,6000,2019,37000000
트위지,전기,1,1,1,6000,2020,4500000
라보,LPG,1,1,0,6000,2016,6990000
카니발 리무진,가솔린,0,0,0,8,2021,81600000
카니발 리무진,가솔린,0,0,0,8,2021,93000000
카니발 리무진,디젤,0,0,0,8,2021,83000000
포터,디젤,1,0,0,95,2021,29000000
카니발 리무진,가솔린,1,0,0,9,2021,84000000
포터,디젤,1,0,0,70000,2009,5200000
포터,디젤,1,1,0,70000,2008,6400000
포터,디젤,1,1,0,70000,2016,8900000
포터,디젤,1,0,0,70000,2013,5200000
포터,디젤,1,1,0,70000,2017,16600000
포터,디젤,1,1,0,70000,2009,6900000
포터,디젤,1,1,0,70000,2010,6900000
포터,디젤,1,1,0,70000,2010,6300000
포터,디젤,1,1,0,70000,2013,11900000
팰리세이드,디젤,1,1,0,70000,2019,30990000
팰리세이드,가솔린,0,1,0,70000,2019,30900000
코나,가솔린,1,1,0,70000,2017,14390000
제네시스 쿠페,가솔린,1,0,0,70000,2009,6900000
제네시스,가솔린,1,0,0,70000,2014,19000000
투싼,디젤,1,1,0,70000,2016,18800000
투싼,디젤,1,1,0,70000,2016,13900000
투싼,디젤,0,1,0,70000,2015,16700000
에쿠스,가솔린,1,0,0,70000,2004,3300000
아이오닉,가솔린+전기,1,1,0,70000,2016,11600000
아반떼,가솔린,0,0,0,70000,2012,9000000
아반떼,가솔린,1,0,0,70000,2011,3000000
아반떼,가솔린,1,1,0,70000,2011,6990000
아반떼,가솔린,1,0,0,70000,2017,10800000
아반떼,가솔린,1,1,0,70000,2016,10700000
아반떼,디젤,1,1,0,70000,2017,9700000
아반떼,가솔린,0,0,0,70000,2017,9000000
쏘나타,LPG,1,1,0,70000,2014,4700000
쏘나타,가솔린,1,1,0,70000,2017,14990000
쏘나타,가솔린,1,1,0,70000,2019,19700000
싼타페,디젤,1,1,0,70000,2018,25200000
싼타페,가솔린,1,1,0,70000,2018,26890000
싼타페,디젤,1,0,0,70000,2014,18500000
싼타페,디젤,0,0,0,70000,2006,3500000
싼타페,디젤,1,1,0,70000,2017,17390000
싼타페,디젤,1,1,0,70000,2015,20300000
벨로스터,가솔린,1,1,0,70000,2014,6790000
벨로스터,가솔린,1,1,0,70000,2018,15400000
베라크루즈,가솔린,1,0,0,70000,2013,12900000
맥스크루즈,디젤,1,1,0,70000,2014,18500000
아반떼,가솔린,1,1,0,70000,2013,6990000
투싼,디젤,1,1,0,70000,2014,12600000
카운티,디젤,0,0,0,70000,2016,48800000
에쿠스,가솔린,1,1,0,70000,2010,13700000
에쿠스,가솔린,1,1,0,70000,2011,10500000
에쿠스,가솔린,1,1,0,70000,2009,11500000
에쿠스,가솔린,1,1,0,70000,2009,11900000
i30,가솔린,1,1,0,70000,2013,8690000
그랜저,가솔린+전기,0,1,0,70000,2017,27500000
그랜저,LPG,0,0,0,70000,2012,12000000
그랜저,가솔린+전기,1,1,0,70000,2018,26200000
그랜저,가솔린,1,1,0,70000,2018,17490000
그랜저,가솔린,1,1,0,70000,2018,20600000
그랜저,가솔린,1,1,0,70000,2016,17700000
그랜저,가솔린,1,1,0,70000,2016,17990000
그랜저,가솔린,1,1,0,70000,2018,22000000
그랜저,가솔린,1,1,0,70000,2018,15390000
그랜저,가솔린,1,1,0,70000,2017,18200000
그랜저,가솔린,1,1,0,70000,2011,8300000
그랜저,가솔린,1,1,0,70000,2013,13600000
그랜저,가솔린,1,1,0,70000,2014,13490000
그랜저,디젤,1,1,0,70000,2015,12600000
스타렉스,디젤,1,1,0,70000,2013,10880000
스타렉스,디젤,0,1,0,70000,2014,11950000
스타렉스,디젤,1,1,0,70000,2010,7800000
스타렉스,디젤,1,0,0,70000,2016,9700000
스타렉스,디젤,1,1,0,70000,2017,14800000
스타렉스,디젤,1,1,0,70000,2008,6990000
스타렉스,디젤,1,1,0,70000,2014,17900000
스타렉스,디젤,1,0,0,70000,2013,7800000
쏘나타,가솔린,1,1,0,70000,2014,9500000
쏘나타,LPG,0,0,0,70000,2016,18900000
쏘나타,가솔린,1,1,0,70000,2014,10700000
i30,가솔린,1,1,0,70000,2019,18500000
카니발,가솔린,0,1,1,70000,2018,58990000
카니발,가솔린,0,1,1,70000,2018,57000000
제네시스,가솔린,0,0,0,70000,2020,66900000
제네시스,가솔린,0,0,0,70000,2019,67900000
제네시스,가솔린,1,0,0,70000,2019,65490000
제네시스,가솔린,1,0,0,70000,2017,30900000
제네시스,가솔린,1,1,0,70000,2016,28900000
제네시스,가솔린,1,1,0,70000,2016,32490000
제네시스,가솔린,1,1,0,70000,2017,29900000
제네시스,가솔린,1,1,0,70000,2018,27000000
제네시스,가솔린,1,1,0,70000,2018,53990000
제네시스,가솔린,0,0,0,70000,2016,46900000
제네시스,가솔린,1,1,0,70000,2018,53990000
제네시스,가솔린,1,1,0,70000,2018,53990000
티볼리,디젤,0,0,0,70000,2016,13200000
티볼리,디젤,1,1,0,70000,2015,11500000
티볼리,디젤,1,1,0,70000,2015,11900000
코란도,디젤,1,1,0,70000,2015,11000000
코란도,디젤,1,1,0,70000,2014,12200000
렉스턴,디젤,1,1,0,70000,2010,9300000
렉스턴,디젤,1,1,0,70000,2018,22800000
코란도,디젤,1,1,0,70000,2017,12900000
체어맨,가솔린,1,1,0,70000,2013,12600000
렉스턴,디젤,1,1,0,70000,2017,22300000
렉스턴,디젤,1,1,0,70000,2017,21300000
크루즈,가솔린,0,0,0,70000,2011,3400000
크루즈,가솔린,1,1,0,70000,2013,3690000
크루즈,가솔린,0,0,1,70000,2014,4500000
임팔라,가솔린,1,1,0,70000,2015,12500000
임팔라,가솔린,1,1,0,70000,2015,12690000
올란도,디젤,1,1,0,70000,2015,10500000
올란도,LPG,1,0,0,70000,2016,12000000
올란도,디젤,1,1,0,70000,2015,10900000
말리부,가솔린,1,1,0,70000,2017,16500000
스파크,가솔린,0,0,0,70000,2014,5800000
말리부,가솔린,1,0,0,70000,2014,8500000
sm7,가솔린,1,1,0,70000,2011,9800000
sm5,가솔린,1,1,0,70000,2014,4600000
sm5,가솔린,1,1,0,70000,2014,9800000
sm5,가솔린,1,1,0,70000,2006,2100000
sm5,LPG,1,1,0,70000,2010,2900000
xm3,가솔린,1,1,0,70000,2020,19600000
sm7,가솔린,1,1,0,70000,2014,11400000
sm5,가솔린,1,1,1,70000,2016,9200000
sm5,가솔린,1,1,0,70000,2016,7600000
sm5,LPG,1,1,1,70000,2016,8700000
qm6,디젤,1,1,0,70000,2017,15500000
qm6,디젤,1,1,0,70000,2017,16700000
qm6,디젤,1,1,0,70000,2017,16000000
qm3,디젤,1,0,0,70000,2014,7500000
qm3,디젤,1,1,0,70000,2015,8200000
카니발,가솔린,0,0,0,70000,2016,26900000
카니발,디젤,1,1,0,70000,2017,28700000
카니발,디젤,1,1,0,70000,2016,19700000
카니발,디젤,1,1,0,70000,2016,21500000
카니발,디젤,1,1,0,70000,2017,24990000
카니발,디젤,1,1,0,70000,2015,26500000
모닝,가솔린,1,1,0,70000,2013,3900000
모닝,가솔린,0,1,0,70000,2014,4800000
모닝,가솔린,1,0,0,70000,2011,3000000
모닝,가솔린,1,0,0,70000,2012,2490000
k7,LPG,1,1,0,70000,2016,16900000
k7,가솔린,1,1,0,70000,2017,23200000
k7,가솔린,1,0,0,70000,2017,20000000
k7,가솔린,1,1,0,70000,2016,18700000
k7,디젤,1,1,0,70000,2016,15900000
k3,가솔린,1,1,0,70000,2018,12990000
k3,가솔린,1,1,0,70000,2018,11500000
쏘울,디젤,1,0,0,70000,2008,3100000
쏘울,가솔린,1,1,0,70000,2009,5290000
스포티지,디젤,1,1,0,70000,2010,10300000
스포티지,디젤,0,0,0,70000,2019,25300000
스포티지,디젤,1,1,0,70000,2016,14990000
스팅어,가솔린,1,1,0,70000,2019,26800000
스팅어,가솔린,1,1,0,70000,2017,22990000
스팅어,가솔린,1,1,0,70000,2017,27300000
스팅어,디젤,1,1,0,70000,2018,29900000
봉고차,디젤,1,1,0,70000,2011,7300000
모하비,디젤,1,1,0,70000,2019,39990000
모하비,디젤,1,1,0,70000,2008,13990000
레이,가솔린,1,1,0,70000,2015,10800000
레이,가솔린,1,0,0,70000,2016,4100000
레이,가솔린,1,1,0,70000,2018,7500000
카니발,가솔린,0,1,1,70000,2018,49900000
카니발,디젤,1,1,0,70000,2019,33300000
카니발,디젤,1,1,0,70000,2018,30700000
쏘렌토,디젤,1,1,0,70000,2017,20400000
쏘렌토,디젤,1,1,0,70000,2017,20400000
쏘렌토,디젤,1,1,0,70000,2017,23500000
쏘렌토,디젤,1,1,0,70000,2018,22590000
쏘렌토,디젤,1,1,0,70000,2017,26500000
스포티지,디젤,0,0,0,70000,2014,13500000
모하비,디젤,1,1,0,70000,2018,30800000
모하비,디젤,1,1,0,70000,2017,28000000
모하비,디젤,1,1,0,70000,2016,29900000
모하비,디젤,1,1,0,70000,2017,26900000
모닝,가솔린,1,1,0,70000,2015,7000000
레이,가솔린,1,1,0,70000,2019,10500000
k7,가솔린,1,1,0,70000,2014,10500000
k7,가솔린,1,0,0,70000,2014,12990000
k7,가솔린,1,1,0,70000,2014,10700000
k5,LPG,1,1,0,70000,2018,11690000
k5,LPG,1,1,1,70000,2018,15990000
k5,LPG,1,1,1,70000,2018,15990000
k5,LPG,1,1,0,70000,2018,15990000
k5,LPG,1,1,0,70000,2018,15990000
k9,가솔린,1,1,0,70000,2018,40900000
k9,가솔린,1,1,0,70000,2018,37900000
니로,가솔린+전기,1,1,0,70000,2017,18590000
모닝,가솔린,1,0,0,70000,2010,3100000
모닝,가솔린,0,1,1,70000,2010,3100000
모닝,가솔린,1,1,0,70000,2010,2200000
카렌스,LPG,1,0,0,70000,2008,1900000
카니발,디젤,1,1,0,70000,2012,5900000
스포티지,가솔린,1,1,0,70000,2009,7300000
스포티지,가솔린,1,1,0,70000,2009,7300000
카니발,디젤,1,0,0,70000,2009,6900000
k5,가솔린,1,1,0,70000,2016,13990000
k5,가솔린,1,1,0,70000,2015,14000000
k5,가솔린,1,1,0,70000,2010,3790000
k5,LPG,1,1,0,70000,2011,4300000
k3,가솔린,0,0,0,70000,2012,5100000
k3,가솔린,1,1,0,70000,2015,8700000
k3,가솔린,1,1,0,70000,2014,6000000
k3,가솔린,1,1,0,70000,2014,7500000
캠핑카,디젤,1,0,0,70000,2016,23500000
다마스,LPG,0,1,0,70000,2016,6300000
다마스,LPG,1,0,0,70000,2018,3900000
다마스,LPG,1,1,0,70000,2016,4700000
아반떼,가솔린,0,0,1,7000,2020,19300000
쏘나타,가솔린,1,0,0,7000,2021,3670000
쏘나타,가솔린,1,0,0,7000,2021,26000000
그랜저,LPG,1,1,0,7000,2021,30990000
캠핑카,디젤,0,0,0,7000,2020,74500000
캠핑카,디젤,0,1,0,7000,2020,64500000
제네시스,가솔린,1,0,0,7000,2021,2500000
렉스턴,디젤,0,1,0,7000,2020,38190000
쏘렌토,디젤,1,1,0,7000,2020,42000000
레이,가솔린,0,0,0,7000,2020,13500000
레이,가솔린,1,1,0,7000,2021,16500000
카니발 리무진,디젤,0,0,0,9,2021,88400000
카니발 리무진,디젤,0,0,0,9,2021,62800000
캠핑카,디젤,0,0,1,880000,2012,35000000
카니발,가솔린,0,0,0,22,2022,89000000
스포티지,디젤,1,0,0,178,2022,28950000
카니발 리무진,가솔린,0,0,0,17,2022,88500000
카니발 리무진,가솔린,0,0,0,17,2022,88500000
카니발,가솔린,0,0,0,18,2022,90000000
카니발,가솔린,0,0,0,25,2022,71250000
카니발 리무진,가솔린,0,0,0,25,2022,79400000
카니발,가솔린,0,0,0,27,2022,89500000
카니발,가솔린,0,0,0,59,2022,66500000
카니발 리무진,가솔린,0,0,0,7,2022,88200000
포터,디젤,0,1,0,80000,2016,17500000
포터,디젤,1,1,0,80000,2011,6800000
포터,디젤,0,1,0,80000,2014,9550000
포터,디젤,1,1,0,80000,2007,4900000
포터,디젤,1,1,0,80000,2015,10000000
포터,디젤,0,1,0,80000,2016,10800000
팰리세이드,디젤,1,1,0,80000,2019,33900000
코나,전기,1,0,0,80000,2019,30000000
코나,디젤,1,1,0,80000,2018,14990000
코나,디젤,1,1,0,80000,2018,14990000
코나,가솔린,0,1,1,80000,2018,14800000
제네시스 쿠페,가솔린,1,1,0,80000,2008,5500000
제네시스,가솔린,1,0,0,80000,2016,28500000
투싼,디젤,1,1,0,80000,2016,15990000
투싼,디젤,1,1,0,80000,2016,15990000
투싼,디젤,1,1,0,80000,2016,16490000
투싼,디젤,1,1,0,80000,2016,14700000
엑센트,디젤,0,1,0,80000,2012,5990000
아반떼,가솔린,0,0,0,80000,2013,7700000
아반떼,가솔린,1,1,0,80000,2012,3500000
아반떼,가솔린,1,1,0,80000,2010,4300000
아반떼,가솔린,1,1,0,80000,2017,12390000
아반떼,디젤,1,1,0,80000,2017,10990000
아반떼,가솔린,1,1,0,80000,2016,10390000
아반떼,디젤,1,1,0,80000,2016,13500000
아반떼,디젤,1,0,0,80000,2015,10300000
아반떼,디젤,1,1,0,80000,2015,11500000
아반떼,디젤,1,1,1,80000,2016,11200000
아반떼,디젤,1,1,1,80000,2016,11200000
쏘나타,가솔린+전기,1,1,0,80000,2012,7900000
쏘나타,LPG,0,1,1,80000,2013,9900000
쏘나타,LPG,1,1,0,80000,2017,13900000
쏘나타,가솔린,1,1,0,80000,2019,17900000
쏘나타,가솔린,1,1,0,80000,2019,19500000
싼타페,디젤,1,1,0,80000,2013,16300000
싼타페,디젤,1,1,0,80000,2013,11300000
싼타페,디젤,1,0,0,80000,2011,5200000
싼타페,디젤,1,1,0,80000,2010,5400000
싼타페,디젤,1,1,0,80000,2015,18100000
벨로스터,가솔린,1,1,0,80000,2018,9990000
제네시스 쿠페,가솔린,1,1,0,80000,2012,7490000
아반떼,LPG,1,1,0,80000,2018,11600000
아반떼,가솔린,1,1,0,80000,2015,6990000
아반떼,디젤,1,0,0,80000,2014,7500000
아반떼,디젤,1,0,0,80000,2014,7700000
맥스크루즈,디젤,1,1,0,80000,2016,20490000
스타렉스,디젤,1,1,0,80000,2018,16500000
i30,가솔린,1,1,0,80000,2015,7800000
제네시스,가솔린,1,1,1,80000,2016,23690000
제네시스,가솔린,1,1,1,80000,2016,23690000
에쿠스,가솔린,1,1,0,80000,2012,11500000
i30,디젤,1,1,0,80000,2013,5900000
그랜저,가솔린+전기,0,0,0,80000,2016,17500000
그랜저,가솔린,1,1,0,80000,2006,2100000
그랜저,LPG,0,0,0,80000,2018,21900000
그랜저,가솔린,1,1,0,80000,2017,15990000
그랜저,가솔린,1,0,0,80000,2017,12700000
그랜저,디젤,1,1,0,80000,2016,20900000
그랜저,디젤,1,1,0,80000,2018,15800000
그랜저,가솔린+전기,1,1,0,80000,2014,14800000
그랜저,가솔린,1,1,0,80000,2013,10990000
그랜저,가솔린,0,0,0,80000,2016,16900000
그랜저,가솔린,1,1,0,80000,2013,12700000
스타렉스,디젤,0,0,0,80000,2015,27000000
스타렉스,디젤,1,0,0,80000,2013,4600000
쏘나타,가솔린,1,1,0,80000,2015,8990000
i40,가솔린,1,1,0,80000,2013,8600000
i40,디젤,1,1,0,80000,2015,12250000
i30,가솔린,1,1,0,80000,2008,4500000
캠핑카,디젤,1,0,1,80000,2008,49500000
카니발,가솔린,0,1,1,80000,2018,43500000
제네시스,가솔린,1,1,1,80000,2018,63990000
제네시스,가솔린,1,1,0,80000,2019,27990000
제네시스,가솔린,1,1,0,80000,2016,28800000
제네시스,가솔린,1,1,0,80000,2017,47990000
제네시스,가솔린,1,1,0,80000,2017,35990000
제네시스,가솔린,1,1,0,80000,2018,47990000
제네시스,가솔린,1,1,0,80000,2016,34500000
코란도,디젤,0,0,0,80000,2016,14600000
코란도,디젤,1,1,0,80000,2013,11200000
코란도,디젤,1,1,0,80000,2016,99990000
코란도,디젤,0,1,0,80000,2012,7900000
코란도,디젤,1,0,0,80000,2013,8900000
체어맨,가솔린,0,0,0,80000,1998,7700000
렉스턴,디젤,1,0,0,80000,2013,4800000
렉스턴,디젤,1,1,0,80000,2019,22500000
렉스턴,디젤,1,1,0,80000,2019,22500000
렉스턴,디젤,1,1,0,80000,2018,17800000
렉스턴,디젤,1,1,0,80000,2018,19390000
카마로,가솔린,1,0,0,80000,2016,29000000
올란도,디젤,1,1,0,80000,2012,4800000
올란도,LPG,1,0,0,80000,2011,4300000
말리부,가솔린,1,1,0,80000,2018,13200000
말리부,가솔린,1,1,0,80000,2016,15900000
말리부,가솔린,1,1,0,80000,2017,14000000
크루즈,가솔린,1,1,1,80000,2016,7400000
아베오,가솔린,1,1,0,80000,2012,4990000
스파크,가솔린,1,1,0,80000,2012,2390000
스파크,가솔린,1,1,0,80000,2012,1890000
스파크,가솔린,1,0,0,80000,2014,2100000
말리부,가솔린,1,1,0,80000,2015,10500000
말리부,디젤,1,0,0,80000,2015,5300000
말리부,디젤,1,1,0,80000,2014,11500000
말리부,가솔린,1,0,0,80000,2016,4900000
스파크,가솔린,1,0,0,80000,2016,6600000
sm5,가솔린,1,1,0,80000,2010,4990000
qm3,디젤,1,1,1,80000,2017,12300000
sm7,가솔린,1,1,0,80000,2009,3990000
sm7,가솔린,1,1,0,80000,2011,5200000
sm7,가솔린,1,1,0,80000,2011,5200000
sm5,가솔린,1,1,0,80000,2015,8990000
qm6,디젤,1,1,0,80000,2017,15990000
qm3,디젤,0,0,0,80000,2016,6500000
포르테,가솔린,1,0,0,80000,2012,3500000
카니발,디젤,1,1,1,80000,2018,27000000
카니발,디젤,1,0,0,80000,2015,21000000
카니발,디젤,0,0,0,80000,2016,25900000
카니발,디젤,1,1,0,80000,2014,16100000
카니발,디젤,1,1,0,80000,2014,15800000
쏘울,가솔린,1,1,0,80000,2013,8700000
쏘렌토,디젤,1,1,0,80000,2015,19000000
모닝,가솔린,1,1,0,80000,2011,3300000
모닝,가솔린,0,0,0,80000,2014,3400000
모닝,가솔린,1,1,0,80000,2011,2700000
모닝,가솔린,1,0,0,80000,2017,9700000
모닝,가솔린,1,1,0,80000,2011,4900000
모닝,가솔린,1,0,0,80000,2012,4300000
k7,가솔린,1,1,0,80000,2016,18500000
k7,가솔린,1,1,0,80000,2017,19800000
k7,가솔린,1,1,0,80000,2017,19800000
쏘울,가솔린,1,1,0,80000,2009,2900000
쏘렌토,디젤,1,1,0,80000,2011,10300000
스포티지,디젤,1,1,0,80000,2012,9900000
스포티지,디젤,1,1,0,80000,2018,16700000
스포티지,디젤,1,1,0,80000,2017,18900000
스포티지,디젤,1,1,0,80000,2016,11990000
스포티지,디젤,1,1,0,80000,2017,15800000
스토닉,디젤,1,1,0,80000,2018,15300000
봉고차,디젤,1,1,0,80000,2014,9500000
모하비,디젤,1,1,0,80000,2015,18400000
로체,LPG,0,1,1,80000,2009,5300000
레이,가솔린,1,1,0,80000,2013,5590000
레이,가솔린,1,1,0,80000,2013,5500000
레이,가솔린,1,1,0,80000,2016,6990000
레이,가솔린,1,0,0,80000,2012,4200000
레이,가솔린,1,1,0,80000,2013,5200000
레이,가솔린,1,1,0,80000,2012,5500000
레이,가솔린,1,1,0,80000,2014,5090000
카니발,디젤,1,1,0,80000,2018,24900000
쏘렌토,디젤,1,1,0,80000,2018,20800000
스포티지,디젤,1,0,0,80000,2015,8100000
스포티지,디젤,1,1,0,80000,2015,8300000
모하비,디젤,0,0,0,80000,2017,34900000
모하비,디젤,1,1,0,80000,2016,24900000
레이,가솔린,1,1,0,80000,2018,8600000
레이,LPG,1,1,0,80000,2018,13500000
레이,가솔린,1,1,0,80000,2018,8990000
k7,가솔린,1,1,0,80000,2014,15500000
k7,가솔린,1,1,0,80000,2013,10690000
k5,가솔린,1,1,0,80000,2018,15990000
k5,가솔린,1,1,0,80000,2013,8200000
k5,LPG,0,1,0,80000,2013,9880000
k3,가솔린,1,1,0,80000,2016,8990000
k9,가솔린,1,1,0,80000,2018,28990000
모닝,가솔린,1,1,0,80000,2010,1800000
카니발,디젤,0,1,1,80000,2010,9300000
k7,가솔린,1,1,0,80000,2010,6700000
k7,가솔린,1,0,0,80000,2010,8300000
k5,가솔린+전기,0,0,0,80000,2012,9900000
k5,가솔린,0,0,0,80000,2017,16490000
k5,가솔린,1,1,0,80000,2011,4800000
k3,가솔린,1,1,0,80000,2014,4900000
k3,가솔린,1,1,0,80000,2012,5800000
마티즈,가솔린,0,1,0,80000,2010,2300000
마티즈,가솔린,1,1,0,80000,2011,2990000
마티즈,가솔린,1,1,0,80000,2009,3700000
라세티,가솔린,1,1,0,80000,2010,3450000
다마스,LPG,1,1,0,80000,2016,3300000
팰리세이드,가솔린,1,1,0,8000,2019,35500000
제네시스,가솔린,1,0,0,8000,2021,54500000
트위지,전기,1,1,1,8000,2019,3900000
캠핑카,디젤,0,0,0,8000,2019,67000000
xm3,가솔린,0,0,0,8000,2021,27900000
레이,가솔린,1,1,0,8000,2021,16500000
레이,가솔린,1,1,1,8000,2019,13800000
k5,가솔린,1,1,0,8000,2021,29900000
다마스,LPG,1,1,0,8000,2019,8000000
카니발 리무진,가솔린,0,0,1,7,2022,83000000
카니발 리무진,디젤,0,0,0,8,2022,88400000
카니발 리무진,디젤,0,0,0,8,2022,88400000
카니발 리무진,디젤,0,0,0,8,2022,88400000
카니발 리무진,디젤,0,0,0,8,2022,88400000
카니발 리무진,가솔린,0,0,0,8,2022,87700000
포터,디젤,0,0,0,90000,2013,7800000
포터,디젤,1,1,0,90000,2018,15700000
포터,디젤,1,1,0,90000,2015,13000000
포터,디젤,1,1,0,90000,2009,6600000
포터,디젤,1,1,0,90000,2011,8900000
포터,디젤,1,1,0,90000,2012,7900000
포터,디젤,1,1,0,90000,2007,6900000
포터,디젤,1,1,0,90000,2009,6900000
투싼,디젤,1,0,0,90000,2008,1900000
코나,디젤,1,1,0,90000,2018,15500000
코나,가솔린,1,1,0,90000,2018,13500000
제네시스 쿠페,가솔린,0,0,0,90000,2011,6000000
제네시스 쿠페,가솔린,1,0,0,90000,2008,10000000
제네시스,가솔린,1,1,0,90000,2015,18990000
제네시스,가솔린,1,1,0,90000,2016,18100000
제네시스,가솔린,1,0,0,90000,2014,18000000
제네시스,가솔린,1,1,0,90000,2014,22000000
제네시스,가솔린,0,0,0,90000,2013,15900000
제네시스,가솔린,1,1,0,90000,2009,6900000
투싼,디젤,1,1,0,90000,2015,18990000
투싼,디젤,1,1,0,90000,2017,17000000
투싼,디젤,1,1,0,90000,2016,15100000
아이오닉,가솔린+전기,1,1,0,90000,2016,16300000
아반떼,가솔린,1,1,0,90000,2010,3200000
아반떼,가솔린,1,1,0,90000,2012,3300000
아반떼,가솔린,1,1,0,90000,2010,6590000
아반떼,가솔린,1,1,0,90000,2013,5990000
아반떼,가솔린,1,1,0,90000,2012,5990000
아반떼,가솔린,1,1,0,90000,2012,6900000
아반떼,가솔린,1,1,0,90000,2012,6900000
아반떼,가솔린,1,1,0,90000,2011,4990000
아반떼,가솔린,1,1,0,90000,2010,6600000
아반떼,가솔린,1,0,0,90000,2008,1900000
아반떼,가솔린,1,1,1,90000,2017,11700000
아반떼,가솔린,1,1,0,90000,2018,11890000
아반떼,가솔린,1,1,0,90000,2017,10500000
아반떼,디젤,1,1,0,90000,2017,10900000
아반떼,가솔린,1,1,0,90000,2015,7100000
아반떼,가솔린,1,1,0,90000,2016,9400000
아반떼,가솔린,1,1,0,90000,2017,9300000
쏘나타,LPG,1,1,0,90000,2012,6200000
싼타페,디젤,1,1,0,90000,2014,11500000
싼타페,디젤,1,1,0,90000,2014,13800000
싼타페,디젤,0,0,1,90000,2012,14900000
싼타페,디젤,1,0,0,90000,2011,4900000
싼타페,디젤,1,1,0,90000,2015,18990000
싼타페,디젤,1,1,0,90000,2016,14600000
맥스크루즈,디젤,1,0,0,90000,2015,18900000
제네시스 쿠페,가솔린,0,0,0,90000,2012,12900000
아반떼,가솔린,1,1,0,90000,2015,9800000
아반떼,가솔린,0,1,0,90000,2014,8900000
스타렉스,디젤,1,1,0,90000,2018,18700000
i30,가솔린,1,1,0,90000,2016,8990000
투싼,디젤,1,1,0,90000,2013,13500000
투싼,디젤,1,1,0,90000,2013,13500000
에쿠스,가솔린,1,1,0,90000,2013,19500000
i30,디젤,1,1,0,90000,2014,7300000
i30,가솔린,1,1,0,90000,2012,8890000
그랜저,가솔린,0,0,0,90000,2017,12990000
그랜저,LPG,1,1,0,90000,2018,17500000
그랜저,LPG,1,1,0,90000,2017,16500000
그랜저,가솔린,1,1,0,90000,2018,21800000
그랜저,가솔린,1,1,0,90000,2018,19600000
그랜저,가솔린,1,1,0,90000,2014,14900000
그랜저,가솔린,1,1,0,90000,2011,7800000
그랜저,가솔린,1,1,0,90000,2012,8990000
그랜저,디젤,1,1,0,90000,2014,12790000
그랜저,가솔린,1,1,0,90000,2008,3500000
스타렉스,디젤,1,0,0,90000,2015,22900000
스타렉스,디젤,0,1,0,90000,2010,4000000
스타렉스,디젤,1,0,0,90000,2008,3900000
스타렉스,디젤,1,1,0,90000,2014,10900000
스타렉스,디젤,1,0,0,90000,2014,30500000
스타렉스,디젤,1,1,0,90000,2013,12500000
스타렉스,가솔린,1,1,0,90000,2015,8900000
스타렉스,디젤,1,0,0,90000,2013,6300000
스타렉스,디젤,1,1,0,90000,2009,5500000
쏘나타,가솔린,1,1,0,90000,2011,7000000
쏘나타,가솔린,1,1,0,90000,2009,5500000
쏘나타,가솔린,1,1,0,90000,2016,16290000
쏘나타,가솔린,1,1,0,90000,2014,8800000
카니발,가솔린,1,0,0,90000,2018,40990000
제네시스,가솔린,0,0,0,90000,2017,34500000
제네시스,가솔린,1,1,0,90000,2017,25800000
제네시스,가솔린,1,1,0,90000,2017,25900000
제네시스,가솔린,1,1,0,90000,2016,24990000
제네시스,가솔린,1,0,0,90000,2017,26700000
제네시스,가솔린,1,1,0,90000,2018,24990000
제네시스,가솔린,1,1,0,90000,2017,44900000
제네시스,가솔린,0,1,1,90000,2017,33900000
제네시스,가솔린,1,1,0,90000,2018,38990000
제네시스,가솔린,1,1,0,90000,2016,42500000
티볼리,가솔린,1,1,0,90000,2016,12800000
티볼리,가솔린,1,1,0,90000,2015,11200000
코란도,디젤,1,1,0,90000,2014,8990000
코란도,디젤,1,1,0,90000,2012,6900000
코란도,디젤,1,1,0,90000,2013,10900000
코란도,디젤,1,1,0,90000,2012,4300000
체어맨,가솔린,1,0,0,90000,2007,2300000
체어맨,가솔린,1,0,0,90000,2011,3900000
코란도,디젤,1,1,0,90000,2013,7500000
체어맨,가솔린,0,1,1,90000,2016,20600000
트랙스,디젤,1,1,0,90000,2016,11800000
크루즈,디젤,1,1,0,90000,2012,5790000
크루즈,디젤,1,1,0,90000,2014,3800000
크루즈,가솔린,1,1,1,90000,2014,6800000
크루즈,가솔린,1,1,0,90000,2013,2200000
크루즈,가솔린,1,1,0,90000,2011,3700000
캡티바,디젤,1,1,0,90000,2011,7800000
캡티바,디젤,1,1,0,90000,2011,7800000
올란도,디젤,1,0,0,90000,2014,4600000
올란도,디젤,1,1,0,90000,2012,6500000
올란도,디젤,1,1,0,90000,2012,6500000
말리부,가솔린,1,1,0,90000,2017,11390000
스파크,가솔린,1,1,0,90000,2012,2990000
스파크,가솔린,1,1,0,90000,2011,1890000
스파크,가솔린,1,1,0,90000,2015,4900000
스파크,가솔린,1,1,0,90000,2011,3700000
말리부,LPG,1,0,0,90000,2014,5700000
스파크,가솔린,1,1,0,90000,2016,3900000
스파크,가솔린,1,1,0,90000,2016,6900000
sm5,LPG,0,0,0,90000,2014,8600000
sm5,LPG,1,1,0,90000,2012,3800000
sm5,디젤,1,1,0,90000,2010,2500000
sm5,가솔린,1,1,0,90000,2011,3900000
sm3,가솔린,1,0,0,90000,2013,4500000
sm3,가솔린,1,1,0,90000,2011,3500000
sm6,가솔린,1,1,0,90000,2017,12300000
sm5,가솔린,1,0,0,90000,2009,3000000
sm3,가솔린,1,1,0,90000,2016,4900000
sm3,가솔린,1,1,0,90000,2014,6100000
qm3,디젤,1,1,0,90000,2015,7300000
qm3,디젤,1,1,0,90000,2015,5500000
포르테,가솔린,1,1,0,90000,2011,3800000
포르테,가솔린,1,1,0,90000,2009,3990000
카니발,디젤,1,1,0,90000,2016,24990000
카니발,디젤,1,1,0,90000,2014,17000000
카니발,디젤,1,1,0,90000,2014,19900000
카니발,디젤,1,1,0,90000,2014,17500000
카니발,디젤,1,0,0,90000,2017,18900000
쏘렌토,디젤,0,0,0,90000,2017,20000000
쏘렌토,디젤,1,1,0,90000,2014,16990000
모닝,가솔린/LPG겸용,0,1,0,90000,2012,4300000
모닝,가솔린,1,1,0,90000,2013,5390000
모닝,가솔린,0,0,0,90000,2013,4300000
k7,가솔린,1,1,1,90000,2016,17990000
k7,LPG,1,1,1,90000,2017,18990000
k7,LPG,1,1,1,90000,2017,18690000
k3,가솔린,0,1,0,90000,2018,12660000
쏘렌토,디젤,1,1,0,90000,2011,5990000
스포티지,디젤,1,1,0,90000,2013,12000000
스포티지,디젤,1,1,0,90000,2011,8890000
스포티지,디젤,0,0,0,90000,2013,8500000
스포티지,가솔린,0,1,0,90000,2011,12900000
스포티지,디젤,1,1,0,90000,2018,15990000
스포티지,디젤,1,1,0,90000,2018,14990000
스포티지,디젤,1,1,0,90000,2018,14990000
스포티지,디젤,1,1,0,90000,2015,11300000
스포티지,디젤,0,1,1,90000,2017,16300000
봉고차,디젤,1,0,0,90000,2004,6200000
봉고차,디젤,1,1,0,90000,2014,6900000
봉고차,디젤,1,1,0,90000,2019,15500000
모하비,디젤,1,1,0,90000,2012,11500000
레이,가솔린,0,0,0,90000,2012,5500000
레이,가솔린,1,1,0,90000,2012,8800000
레이,가솔린,1,1,0,90000,2012,7500000
k7,가솔린,1,1,0,90000,2011,6190000
카니발,디젤,1,1,0,90000,2018,21500000
카니발,디젤,1,1,0,90000,2018,23600000
카니발,디젤,1,1,0,90000,2018,25990000
쏘렌토,디젤,1,1,0,90000,2018,22700000
쏘렌토,디젤,1,1,0,90000,2017,24900000
쏘렌토,디젤,1,1,0,90000,2018,24500000
모닝,가솔린,1,1,0,90000,2016,6700000
모닝,가솔린,1,1,0,90000,2015,5900000
k7,LPG,0,0,0,90000,2013,9500000
k7,가솔린,1,1,0,90000,2013,7300000
k5,LPG,1,1,1,90000,2018,14990000
k5,LPG,1,1,1,90000,2018,14990000
k5,가솔린,1,1,0,90000,2015,9500000
k5,가솔린,1,0,0,90000,2013,6500000
k3,가솔린,1,1,0,90000,2017,8200000
k3,가솔린,1,1,0,90000,2016,9900000
니로,가솔린+전기,1,1,0,90000,2016,16100000
모닝,가솔린,1,0,0,90000,2010,3400000
모닝,가솔린,0,1,0,90000,2009,2590000
카니발,디젤,0,1,0,90000,2012,12770000
쏘렌토,디젤,1,1,0,90000,2013,13700000
카니발,디젤,1,1,0,90000,2013,9800000
카니발,디젤,1,0,0,90000,2013,3700000
k9,가솔린,1,1,0,90000,2012,10900000
k7,가솔린+하이브리드,1,0,0,90000,2014,16500000
k7,가솔린,1,1,0,90000,2019,21600000
k7,가솔린,1,1,0,90000,2010,7000000
k7,가솔린,1,1,0,90000,2010,6500000
k5,가솔린+전기,0,0,0,90000,2013,9900000
k5,가솔린,1,1,0,90000,2015,11990000
k5,가솔린,1,1,0,90000,2011,4500000
k3,가솔린,1,1,0,90000,2015,4500000
마티즈,가솔린,1,1,0,90000,2010,3000000
다마스,LPG,1,0,0,90000,2018,4900000
마티즈,가솔린,1,0,0,90000,2008,3600000
아반떼,가솔린,1,1,0,9000,2020,22990000
아이오닉,전기,1,1,0,9000,2021,54800000
아반떼,가솔린,1,1,0,9000,2017,9900000
쏘나타,가솔린,0,0,0,9000,2019,19800000
벨로스터,가솔린,0,1,0,9000,2018,15690000
제네시스,가솔린,0,0,0,9000,2019,65000000
콜로라도,가솔린,1,1,0,9000,2021,41900000
캠핑카,디젤,0,0,0,9000,2019,36990000
모닝,가솔린,1,0,0,9000,2019,7800000
쏘렌토,디젤,1,1,0,9000,2020,35990000
스팅어,가솔린,1,0,0,9000,2020,47000000
스포티지,가솔린,1,1,0,9000,2021,33500000
레이,가솔린,1,1,0,9000,2021,15990000
카니발,가솔린,0,0,0,61,2023,83060000
